market,sampling_rate,sampling_label,model,seed,ARR,dqn_seed,source
ChiNext,0.5,50%,LTR-DQN,12,-0.77176128310998748,1370134292,
ChiNext,0.5,50%,LTR-DQN,19,0.0032931102821034397,1002649107,
ChiNext,0.5,50%,LTR-DQN,21,-0.1790694283331864,1964215710,
ChiNext,0.5,50%,LTR-DQN,23,1.3280461423112633,1165368502,
ChiNext,0.5,50%,LTR-DQN,32,-0.0091684169611498945,308104437,
ChiNext,0.5,50%,LTR-DQN,34,1.0581496488891209,1016970410,
ChiNext,0.5,50%,LTR-DQN,36,-0.79578434014248045,1560978608,
ChiNext,0.5,50%,LTR-DQN,39,5.4545562153605154,1512791264,
ChiNext,0.5,50%,LTR-DQN,44,-0.41728397517174942,1151822198,
ChiNext,0.5,50%,LTR-DQN,47,0.21376122868196634,1393071684,
ChiNext,0.5,50%,LTR-DQN,51,0.5372852944960782,1159912687,
ChiNext,0.5,50%,LTR-DQN,53,2.1197691633119398,1216631962,
ChiNext,0.5,50%,LTR-DQN,76,-0.69198811859945819,2041065228,
ChiNext,0.5,50%,LTR-DQN,77,0.28156422869344722,715834519,
ChiNext,0.5,50%,LTR-DQN,94,-0.022028846076890596,1439929252,
ChiNext,0.5,50%,LTR-DQN,96,3.3936550151390446,1852334621,
ChiNext,0.5,50%,LTR-DQN,100,-0.71583493490007566,127626911,
ChiNext,0.5,50%,LTR-DQN,101,-0.070198444082308242,95259990,
ChiNext,0.5,50%,LTR-DQN,105,-0.34856848077498215,694807112,
ChiNext,0.5,50%,LTR-DQN,131,-0.16613249388960316,1928971597,
ChiNext,0.5,50%,LambdaMART,12,-0.73705321714189687,,
ChiNext,0.5,50%,LambdaMART,19,-0.23577835862778307,,
ChiNext,0.5,50%,LambdaMART,21,-0.48728059792847533,,
ChiNext,0.5,50%,LambdaMART,23,0.72309285364249121,,
ChiNext,0.5,50%,LambdaMART,32,0.17997562913375642,,
ChiNext,0.5,50%,LambdaMART,34,-0.30121945868165023,,
ChiNext,0.5,50%,LambdaMART,36,-0.83741804114745466,,
ChiNext,0.5,50%,LambdaMART,39,2.8832260623443569,,
ChiNext,0.5,50%,LambdaMART,44,-0.18158758029574507,,
ChiNext,0.5,50%,LambdaMART,47,-0.030353046537778816,,
ChiNext,0.5,50%,LambdaMART,51,-0.12127582595335151,,
ChiNext,0.5,50%,LambdaMART,53,2.8216382934656812,,
ChiNext,0.5,50%,LambdaMART,76,-0.77953610884564484,,
ChiNext,0.5,50%,LambdaMART,77,0.27523755808319983,,
ChiNext,0.5,50%,LambdaMART,94,-0.43292055985619038,,
ChiNext,0.5,50%,LambdaMART,96,4.0062753846091193,,
ChiNext,0.5,50%,LambdaMART,100,-0.71143051719194661,,
ChiNext,0.5,50%,LambdaMART,101,-0.26070011682738159,,
ChiNext,0.5,50%,LambdaMART,105,-0.27964551983889918,,
ChiNext,0.5,50%,LambdaMART,131,-0.18074485689238695,,
ChiNext,0.5,50%,LambdaRank,14,0.29081777032085698,,
ChiNext,0.5,50%,LambdaRank,15,-0.62121655851000168,,
ChiNext,0.5,50%,LambdaRank,20,0.4162183398471262,,
ChiNext,0.5,50%,LambdaRank,27,0.15492958986182814,,
ChiNext,0.5,50%,LambdaRank,52,0.38729080526004389,,
ChiNext,0.5,50%,LambdaRank,59,-0.39492179375388525,,
ChiNext,0.5,50%,LambdaRank,61,-0.14331543473237529,,
ChiNext,0.5,50%,LambdaRank,64,0.1818715185296409,,
ChiNext,0.5,50%,LambdaRank,71,0.32355973999938548,,
ChiNext,0.5,50%,LambdaRank,74,6.7433769374634664,,
ChiNext,0.5,50%,LambdaRank,78,-0.0013012722271894539,,
ChiNext,0.5,50%,LambdaRank,88,-0.61562007345517689,,
ChiNext,0.5,50%,LambdaRank,89,0.1810601132140417,,
ChiNext,0.5,50%,LambdaRank,90,-0.0054025115361679976,,
ChiNext,0.5,50%,LambdaRank,101,0.38970484377034964,,
ChiNext,0.5,50%,LambdaRank,107,-0.48548676706611882,,
ChiNext,0.5,50%,LambdaRank,108,-0.0099336814855901512,,
ChiNext,0.5,50%,LambdaRank,112,0.22265232576365102,,
ChiNext,0.5,50%,LambdaRank,123,-0.15773173543593866,,
ChiNext,0.5,50%,LambdaRank,130,0.30552255265074946,,
ChiNext,0.59999999999999998,60%,LTR-DQN,3,-0.61715695082443101,971280515,
ChiNext,0.59999999999999998,60%,LTR-DQN,11,-0.57140322916301689,1301183155,
ChiNext,0.59999999999999998,60%,LTR-DQN,16,1.1977346762123773,1336006421,
ChiNext,0.59999999999999998,60%,LTR-DQN,19,0.0126426787356686,849540145,
ChiNext,0.59999999999999998,60%,LTR-DQN,22,-0.23016572687115955,652713711,
ChiNext,0.59999999999999998,60%,LTR-DQN,27,-0.64606002109572591,1696980497,
ChiNext,0.59999999999999998,60%,LTR-DQN,30,2.8871889639301167,1566945636,
ChiNext,0.59999999999999998,60%,LTR-DQN,31,1.6896151303929567,1957872861,
ChiNext,0.59999999999999998,60%,LTR-DQN,37,2.7352763504657447,1007287494,
ChiNext,0.59999999999999998,60%,LTR-DQN,38,-0.570525874635474,216032310,
ChiNext,0.59999999999999998,60%,LTR-DQN,40,-0.58059577186996836,863565867,
ChiNext,0.59999999999999998,60%,LTR-DQN,42,4.0296184540842201,433847147,
ChiNext,0.59999999999999998,60%,LTR-DQN,47,0.2121182826908472,1583449470,
ChiNext,0.59999999999999998,60%,LTR-DQN,48,-0.30905919723625819,1516734726,
ChiNext,0.59999999999999998,60%,LTR-DQN,53,1.7431933303351439,1363972009,
ChiNext,0.59999999999999998,60%,LTR-DQN,60,0.023779756719656708,51476323,
ChiNext,0.59999999999999998,60%,LTR-DQN,61,-0.40516929220855358,1641487949,
ChiNext,0.59999999999999998,60%,LTR-DQN,75,-0.31714803594650631,433736619,
ChiNext,0.59999999999999998,60%,LTR-DQN,90,-0.12309270093241753,539407268,
ChiNext,0.59999999999999998,60%,LTR-DQN,94,-0.011282991201092218,945174813,
ChiNext,0.59999999999999998,60%,LambdaMART,3,-0.38124432310756062,,
ChiNext,0.59999999999999998,60%,LambdaMART,11,-0.61408268783596776,,
ChiNext,0.59999999999999998,60%,LambdaMART,16,0.70471268404918086,,
ChiNext,0.59999999999999998,60%,LambdaMART,19,-0.17307049106329575,,
ChiNext,0.59999999999999998,60%,LambdaMART,22,-0.58255843174843402,,
ChiNext,0.59999999999999998,60%,LambdaMART,27,-0.61688591101756662,,
ChiNext,0.59999999999999998,60%,LambdaMART,30,0.94295782844986387,,
ChiNext,0.59999999999999998,60%,LambdaMART,31,0.83571532788836822,,
ChiNext,0.59999999999999998,60%,LambdaMART,37,5.0869549024636962,,
ChiNext,0.59999999999999998,60%,LambdaMART,38,-0.071232127408438206,,
ChiNext,0.59999999999999998,60%,LambdaMART,40,-0.68328832841620546,,
ChiNext,0.59999999999999998,60%,LambdaMART,42,1.5737638689337006,,
ChiNext,0.59999999999999998,60%,LambdaMART,47,-0.062544051058822214,,
ChiNext,0.59999999999999998,60%,LambdaMART,48,-0.38996001609968534,,
ChiNext,0.59999999999999998,60%,LambdaMART,53,1.9239572116117016,,
ChiNext,0.59999999999999998,60%,LambdaMART,60,-0.44489423401282302,,
ChiNext,0.59999999999999998,60%,LambdaMART,61,-0.35471624340519448,,
ChiNext,0.59999999999999998,60%,LambdaMART,75,-0.39573297748370728,,
ChiNext,0.59999999999999998,60%,LambdaMART,90,-0.46224442500329666,,
ChiNext,0.59999999999999998,60%,LambdaMART,94,-0.3565068987444221,,
ChiNext,0.59999999999999998,60%,LambdaRank,2,1.6234064387690874,,
ChiNext,0.59999999999999998,60%,LambdaRank,4,0.91196075347227223,,
ChiNext,0.59999999999999998,60%,LambdaRank,14,0.38405523569112354,,
ChiNext,0.59999999999999998,60%,LambdaRank,15,-0.58796029314988574,,
ChiNext,0.59999999999999998,60%,LambdaRank,16,-0.00311017298337668,,
ChiNext,0.59999999999999998,60%,LambdaRank,27,-0.034577229179185376,,
ChiNext,0.59999999999999998,60%,LambdaRank,35,-0.34018590146096883,,
ChiNext,0.59999999999999998,60%,LambdaRank,37,1.1582608681477526,,
ChiNext,0.59999999999999998,60%,LambdaRank,39,0.11401570047898679,,
ChiNext,0.59999999999999998,60%,LambdaRank,42,2.6697221631047507,,
ChiNext,0.59999999999999998,60%,LambdaRank,43,-0.7309705798142756,,
ChiNext,0.59999999999999998,60%,LambdaRank,44,-0.39307917268098402,,
ChiNext,0.59999999999999998,60%,LambdaRank,56,-0.64381957578136939,,
ChiNext,0.59999999999999998,60%,LambdaRank,59,-0.2507041114116273,,
ChiNext,0.59999999999999998,60%,LambdaRank,73,-0.27951027240733317,,
ChiNext,0.59999999999999998,60%,LambdaRank,91,2.9760333286025835,,
ChiNext,0.59999999999999998,60%,LambdaRank,95,0.058907205335293922,,
ChiNext,0.59999999999999998,60%,LambdaRank,102,-0.76483876759188352,,
ChiNext,0.59999999999999998,60%,LambdaRank,103,0.75964171674184389,,
ChiNext,0.59999999999999998,60%,LambdaRank,107,-0.48764943991537546,,
ChiNext,0.69999999999999996,70%,LTR-DQN,3,-0.60783900567559068,1343595262,
ChiNext,0.69999999999999996,70%,LTR-DQN,8,-0.2125871940359696,450502690,
ChiNext,0.69999999999999996,70%,LTR-DQN,16,1.2152382494872809,840837013,
ChiNext,0.69999999999999996,70%,LTR-DQN,18,0.42741082111307294,1093588959,
ChiNext,0.69999999999999996,70%,LTR-DQN,23,1.3326400952129807,2008424875,
ChiNext,0.69999999999999996,70%,LTR-DQN,37,2.7837763302507628,1124365122,
ChiNext,0.69999999999999996,70%,LTR-DQN,39,5.2120196634128062,1270563896,
ChiNext,0.69999999999999996,70%,LTR-DQN,69,-0.03902169597494054,565326908,
ChiNext,0.69999999999999996,70%,LTR-DQN,70,0.77292335795967393,2021469740,
ChiNext,0.69999999999999996,70%,LTR-DQN,72,0.79629611066791628,96178945,
ChiNext,0.69999999999999996,70%,LTR-DQN,75,-0.33293667115109726,1864354817,
ChiNext,0.69999999999999996,70%,LTR-DQN,77,0.27981034336851107,1742357770,
ChiNext,0.69999999999999996,70%,LTR-DQN,79,1.7830979526666408,1349445697,
ChiNext,0.69999999999999996,70%,LTR-DQN,90,-0.12218550365911973,1130102130,
ChiNext,0.69999999999999996,70%,LTR-DQN,93,-0.3564889691395825,1402299898,
ChiNext,0.69999999999999996,70%,LTR-DQN,94,-0.017896546873632402,245925417,
ChiNext,0.69999999999999996,70%,LTR-DQN,100,-0.72373460111182375,1261640456,
ChiNext,0.69999999999999996,70%,LTR-DQN,102,0.15899524326463865,2100513438,
ChiNext,0.69999999999999996,70%,LTR-DQN,106,-0.29193458778756187,716036393,
ChiNext,0.69999999999999996,70%,LTR-DQN,108,-0.58621178799613838,287022841,
ChiNext,0.69999999999999996,70%,LambdaMART,3,-0.3247669173836395,,
ChiNext,0.69999999999999996,70%,LambdaMART,8,-0.3666284444908261,,
ChiNext,0.69999999999999996,70%,LambdaMART,16,0.71144644843868421,,
ChiNext,0.69999999999999996,70%,LambdaMART,18,0.16670947177863749,,
ChiNext,0.69999999999999996,70%,LambdaMART,23,0.79007702631975651,,
ChiNext,0.69999999999999996,70%,LambdaMART,37,5.6720224304246569,,
ChiNext,0.69999999999999996,70%,LambdaMART,39,2.1011567842977539,,
ChiNext,0.69999999999999996,70%,LambdaMART,69,-0.26138483747675878,,
ChiNext,0.69999999999999996,70%,LambdaMART,70,-0.26147910435480559,,
ChiNext,0.69999999999999996,70%,LambdaMART,72,0.38730507061593089,,
ChiNext,0.69999999999999996,70%,LambdaMART,75,-0.47042379835155701,,
ChiNext,0.69999999999999996,70%,LambdaMART,77,0.35265612097680465,,
ChiNext,0.69999999999999996,70%,LambdaMART,79,0.57253783217579324,,
ChiNext,0.69999999999999996,70%,LambdaMART,90,-0.4518657831180658,,
ChiNext,0.69999999999999996,70%,LambdaMART,93,-0.20821481218471594,,
ChiNext,0.69999999999999996,70%,LambdaMART,94,-0.38432826595028424,,
ChiNext,0.69999999999999996,70%,LambdaMART,100,-0.74993288207519404,,
ChiNext,0.69999999999999996,70%,LambdaMART,102,-0.46097581627099804,,
ChiNext,0.69999999999999996,70%,LambdaMART,106,-0.43303811154169036,,
ChiNext,0.69999999999999996,70%,LambdaMART,108,-0.36093089719927518,,
ChiNext,0.69999999999999996,70%,LambdaRank,7,0.40901897553719668,,
ChiNext,0.69999999999999996,70%,LambdaRank,18,-0.077403670202180641,,
ChiNext,0.69999999999999996,70%,LambdaRank,20,0.82792464964632528,,
ChiNext,0.69999999999999996,70%,LambdaRank,25,0.11819315613947556,,
ChiNext,0.69999999999999996,70%,LambdaRank,26,-0.38906367976801537,,
ChiNext,0.69999999999999996,70%,LambdaRank,42,0.88220817741151181,,
ChiNext,0.69999999999999996,70%,LambdaRank,47,1.6947092151856156,,
ChiNext,0.69999999999999996,70%,LambdaRank,51,0.42288439761619867,,
ChiNext,0.69999999999999996,70%,LambdaRank,54,-0.59353050034827026,,
ChiNext,0.69999999999999996,70%,LambdaRank,55,0.66365128251166405,,
ChiNext,0.69999999999999996,70%,LambdaRank,58,-0.54638968978513458,,
ChiNext,0.69999999999999996,70%,LambdaRank,61,-0.033342882633396798,,
ChiNext,0.69999999999999996,70%,LambdaRank,62,-0.28954907989955736,,
ChiNext,0.69999999999999996,70%,LambdaRank,72,0.34321614386045662,,
ChiNext,0.69999999999999996,70%,LambdaRank,83,-0.5418847578995436,,
ChiNext,0.69999999999999996,70%,LambdaRank,91,2.3326336551738782,,
ChiNext,0.69999999999999996,70%,LambdaRank,105,-0.5256060203094014,,
ChiNext,0.69999999999999996,70%,LambdaRank,107,-0.17580895347550285,,
ChiNext,0.69999999999999996,70%,LambdaRank,108,0.25970073087669543,,
ChiNext,0.69999999999999996,70%,LambdaRank,109,-0.28209897731280165,,
ChiNext,0.80000000000000004,80%,LTR-DQN,2,0.98495542985417517,2139072398,
ChiNext,0.80000000000000004,80%,LTR-DQN,14,1.0202155320270609,766766795,
ChiNext,0.80000000000000004,80%,LTR-DQN,18,0.070463398033038471,1470414819,
ChiNext,0.80000000000000004,80%,LTR-DQN,21,-0.1970976499337429,485206351,
ChiNext,0.80000000000000004,80%,LTR-DQN,22,-0.24354777143044992,461584368,
ChiNext,0.80000000000000004,80%,LTR-DQN,33,-0.16964378607871411,633485918,
ChiNext,0.80000000000000004,80%,LTR-DQN,46,9.2722072329955303,2011802943,
ChiNext,0.80000000000000004,80%,LTR-DQN,55,0.4580826298380718,1447564488,
ChiNext,0.80000000000000004,80%,LTR-DQN,56,-0.4858722308905038,117542725,
ChiNext,0.80000000000000004,80%,LTR-DQN,65,0.23299235284981012,1305035113,
ChiNext,0.80000000000000004,80%,LTR-DQN,74,1.0512842206030832,471932459,
ChiNext,0.80000000000000004,80%,LTR-DQN,76,-0.69242689232297017,1707810288,
ChiNext,0.80000000000000004,80%,LTR-DQN,77,0.23518787931140217,163678163,
ChiNext,0.80000000000000004,80%,LTR-DQN,83,0.090829711499545773,1008432661,
ChiNext,0.80000000000000004,80%,LTR-DQN,87,1.4195099382227503,427505193,
ChiNext,0.80000000000000004,80%,LTR-DQN,92,-0.099906415844993601,821113132,
ChiNext,0.80000000000000004,80%,LTR-DQN,94,-0.052808068837912114,872516818,
ChiNext,0.80000000000000004,80%,LTR-DQN,98,-0.29762959248992371,240450821,
ChiNext,0.80000000000000004,80%,LTR-DQN,102,0.20472036188525089,908436826,
ChiNext,0.80000000000000004,80%,LTR-DQN,103,-0.20315785623828453,342214061,
ChiNext,0.80000000000000004,80%,LambdaMART,2,0.70399775470319037,,
ChiNext,0.80000000000000004,80%,LambdaMART,14,1.3700589717878171,,
ChiNext,0.80000000000000004,80%,LambdaMART,18,0.20843157973801429,,
ChiNext,0.80000000000000004,80%,LambdaMART,21,-0.42380076554326895,,
ChiNext,0.80000000000000004,80%,LambdaMART,22,-0.54128114986758424,,
ChiNext,0.80000000000000004,80%,LambdaMART,33,-0.56844359427626356,,
ChiNext,0.80000000000000004,80%,LambdaMART,46,2.2898357962038256,,
ChiNext,0.80000000000000004,80%,LambdaMART,55,1.416733435393271,,
ChiNext,0.80000000000000004,80%,LambdaMART,56,-0.63540985422243557,,
ChiNext,0.80000000000000004,80%,LambdaMART,65,0.32455338253246913,,
ChiNext,0.80000000000000004,80%,LambdaMART,74,0.77310492482709514,,
ChiNext,0.80000000000000004,80%,LambdaMART,76,-0.74287251243850605,,
ChiNext,0.80000000000000004,80%,LambdaMART,77,0.30452166538769232,,
ChiNext,0.80000000000000004,80%,LambdaMART,83,0.10730557911019956,,
ChiNext,0.80000000000000004,80%,LambdaMART,87,2.6119229956856302,,
ChiNext,0.80000000000000004,80%,LambdaMART,92,-0.26500139791795652,,
ChiNext,0.80000000000000004,80%,LambdaMART,94,-0.4077542831325397,,
ChiNext,0.80000000000000004,80%,LambdaMART,98,-0.20543036510032697,,
ChiNext,0.80000000000000004,80%,LambdaMART,102,-0.44143330610852805,,
ChiNext,0.80000000000000004,80%,LambdaMART,103,0.11428798701788301,,
ChiNext,0.80000000000000004,80%,LambdaRank,3,-0.38481325342924977,,
ChiNext,0.80000000000000004,80%,LambdaRank,15,-0.42609423106212085,,
ChiNext,0.80000000000000004,80%,LambdaRank,20,0.4823113947746962,,
ChiNext,0.80000000000000004,80%,LambdaRank,22,-0.11536163488993867,,
ChiNext,0.80000000000000004,80%,LambdaRank,23,0.56132528024382711,,
ChiNext,0.80000000000000004,80%,LambdaRank,29,-0.033444332689114842,,
ChiNext,0.80000000000000004,80%,LambdaRank,30,1.2533140348504204,,
ChiNext,0.80000000000000004,80%,LambdaRank,33,0.064603924398534129,,
ChiNext,0.80000000000000004,80%,LambdaRank,39,0.51207884527132808,,
ChiNext,0.80000000000000004,80%,LambdaRank,45,-0.22273876855952024,,
ChiNext,0.80000000000000004,80%,LambdaRank,65,0.18987994294376365,,
ChiNext,0.80000000000000004,80%,LambdaRank,71,1.5234182568100891,,
ChiNext,0.80000000000000004,80%,LambdaRank,75,-0.49363134984603996,,
ChiNext,0.80000000000000004,80%,LambdaRank,77,0.51322360681579915,,
ChiNext,0.80000000000000004,80%,LambdaRank,81,-0.20843441084576553,,
ChiNext,0.80000000000000004,80%,LambdaRank,85,-0.39048332708269007,,
ChiNext,0.80000000000000004,80%,LambdaRank,95,0.28461200865167791,,
ChiNext,0.80000000000000004,80%,LambdaRank,101,0.44315052524619225,,
ChiNext,0.80000000000000004,80%,LambdaRank,105,-0.54037614276127077,,
ChiNext,0.80000000000000004,80%,LambdaRank,109,0.46711744825527401,,
ChiNext,0.90000000000000002,90%,LTR-DQN,8,-0.2316220177334134,2050595345,
ChiNext,0.90000000000000002,90%,LTR-DQN,19,-0.013071215677641579,969234552,
ChiNext,0.90000000000000002,90%,LTR-DQN,21,-0.19289084883256247,649861206,
ChiNext,0.90000000000000002,90%,LTR-DQN,32,0.59399373925977583,1817289368,
ChiNext,0.90000000000000002,90%,LTR-DQN,33,-0.13842364524832063,1856360926,
ChiNext,0.90000000000000002,90%,LTR-DQN,34,0.99333109859073354,1119199883,
ChiNext,0.90000000000000002,90%,LTR-DQN,36,-0.80155324174077403,839386805,
ChiNext,0.90000000000000002,90%,LTR-DQN,37,2.6895698249949302,1634312020,
ChiNext,0.90000000000000002,90%,LTR-DQN,51,0.58114431698879021,630576426,
ChiNext,0.90000000000000002,90%,LTR-DQN,60,-0.044155756715129058,966090901,
ChiNext,0.90000000000000002,90%,LTR-DQN,64,0.071783990502921613,372144024,
ChiNext,0.90000000000000002,90%,LTR-DQN,67,-0.0054026018229453854,1589265830,
ChiNext,0.90000000000000002,90%,LTR-DQN,69,-0.021696352168885324,1225031073,
ChiNext,0.90000000000000002,90%,LTR-DQN,72,0.93889894828273524,413671463,
ChiNext,0.90000000000000002,90%,LTR-DQN,77,0.2478815987473264,87832608,
ChiNext,0.90000000000000002,90%,LTR-DQN,79,1.2043764486168249,1271333263,
ChiNext,0.90000000000000002,90%,LTR-DQN,80,1.8719918721163324,1718781317,
ChiNext,0.90000000000000002,90%,LTR-DQN,96,3.7422568445463638,958132131,
ChiNext,0.90000000000000002,90%,LTR-DQN,101,-0.1226704095523089,86744630,
ChiNext,0.90000000000000002,90%,LTR-DQN,104,-0.66182761127602441,303402147,
ChiNext,0.90000000000000002,90%,LambdaMART,8,-0.41690273506049125,,
ChiNext,0.90000000000000002,90%,LambdaMART,19,-0.15359560257121319,,
ChiNext,0.90000000000000002,90%,LambdaMART,21,-0.41267533793690814,,
ChiNext,0.90000000000000002,90%,LambdaMART,32,-0.20223154800932808,,
ChiNext,0.90000000000000002,90%,LambdaMART,33,-0.52422439194026582,,
ChiNext,0.90000000000000002,90%,LambdaMART,34,-0.32771855923831172,,
ChiNext,0.90000000000000002,90%,LambdaMART,36,-0.84214653811678908,,
ChiNext,0.90000000000000002,90%,LambdaMART,37,5.160278165516778,,
ChiNext,0.90000000000000002,90%,LambdaMART,51,-0.1231290939562919,,
ChiNext,0.90000000000000002,90%,LambdaMART,60,-0.49596834484178898,,
ChiNext,0.90000000000000002,90%,LambdaMART,64,-0.0113419507772341,,
ChiNext,0.90000000000000002,90%,LambdaMART,67,-0.2485614326464014,,
ChiNext,0.90000000000000002,90%,LambdaMART,69,-0.26225751290115007,,
ChiNext,0.90000000000000002,90%,LambdaMART,72,0.58734674023190903,,
ChiNext,0.90000000000000002,90%,LambdaMART,77,0.2524619578055769,,
ChiNext,0.90000000000000002,90%,LambdaMART,79,0.73799932352725639,,
ChiNext,0.90000000000000002,90%,LambdaMART,80,0.93285143070706367,,
ChiNext,0.90000000000000002,90%,LambdaMART,96,4.2528424326919154,,
ChiNext,0.90000000000000002,90%,LambdaMART,101,-0.3163688147803505,,
ChiNext,0.90000000000000002,90%,LambdaMART,104,-0.81121399825333707,,
ChiNext,0.90000000000000002,90%,LambdaRank,5,-0.12032649468055412,,
ChiNext,0.90000000000000002,90%,LambdaRank,10,-0.10834775393915119,,
ChiNext,0.90000000000000002,90%,LambdaRank,18,-0.018650015503074768,,
ChiNext,0.90000000000000002,90%,LambdaRank,24,-0.43124956570633677,,
ChiNext,0.90000000000000002,90%,LambdaRank,25,0.50946208748139821,,
ChiNext,0.90000000000000002,90%,LambdaRank,38,-0.4017499135750856,,
ChiNext,0.90000000000000002,90%,LambdaRank,40,0.19431697192633868,,
ChiNext,0.90000000000000002,90%,LambdaRank,49,0.080465474382455326,,
ChiNext,0.90000000000000002,90%,LambdaRank,50,-0.44147068835465031,,
ChiNext,0.90000000000000002,90%,LambdaRank,51,-0.023870283482582022,,
ChiNext,0.90000000000000002,90%,LambdaRank,53,0.40157762781136475,,
ChiNext,0.90000000000000002,90%,LambdaRank,62,-0.013980998366675768,,
ChiNext,0.90000000000000002,90%,LambdaRank,70,0.20285334644566722,,
ChiNext,0.90000000000000002,90%,LambdaRank,74,0.97806636392201063,,
ChiNext,0.90000000000000002,90%,LambdaRank,93,-0.068170372914379551,,
ChiNext,0.90000000000000002,90%,LambdaRank,106,0.6134924265826065,,
ChiNext,0.90000000000000002,90%,LambdaRank,117,0.10066677176860761,,
ChiNext,0.90000000000000002,90%,LambdaRank,119,-0.00078896591706967278,,
ChiNext,0.90000000000000002,90%,LambdaRank,127,0.17964558836791422,,
ChiNext,0.90000000000000002,90%,LambdaRank,145,0.34800499043012123,,
Main,0.5,50%,LTR-DQN,5,1.0278191856255048,206232353,
Main,0.5,50%,LTR-DQN,11,0.10492258535292986,199038225,
Main,0.5,50%,LTR-DQN,12,2.0619930023551905,266626707,
Main,0.5,50%,LTR-DQN,29,-0.30107743224793282,293927269,
Main,0.5,50%,LTR-DQN,41,-0.21894517496495725,373897776,
Main,0.5,50%,LTR-DQN,42,1.3009680638515793,1475701306,
Main,0.5,50%,LTR-DQN,44,1.4039176935364748,1441215557,
Main,0.5,50%,LTR-DQN,45,0.013659603199817516,57154534,
Main,0.5,50%,LTR-DQN,47,2.0059125202947592,1382236470,
Main,0.5,50%,LTR-DQN,50,-0.31511637669433823,405520300,
Main,0.5,50%,LTR-DQN,55,2.7323637248077279,1154720961,
Main,0.5,50%,LTR-DQN,56,0.72479759291258805,1624073271,
Main,0.5,50%,LTR-DQN,61,1.974288984905892,1613278763,
Main,0.5,50%,LTR-DQN,62,0.55423705096793419,29446143,
Main,0.5,50%,LTR-DQN,66,1.5738936161576578,1567733573,
Main,0.5,50%,LTR-DQN,76,-0.3687426363248949,1334194821,
Main,0.5,50%,LTR-DQN,78,1.8195703919842843,1550374758,
Main,0.5,50%,LTR-DQN,82,1.4656661304757055,1013530255,
Main,0.5,50%,LTR-DQN,93,4.4254120891387529,1230915076,
Main,0.5,50%,LTR-DQN,97,5.1171917301578764,1881778125,
Main,0.5,50%,LambdaMART,5,0.42609796034996195,,
Main,0.5,50%,LambdaMART,11,-0.13702038020220275,,
Main,0.5,50%,LambdaMART,12,0.25578967193125091,,
Main,0.5,50%,LambdaMART,29,-0.35180231509173143,,
Main,0.5,50%,LambdaMART,41,-0.39038990095698001,,
Main,0.5,50%,LambdaMART,42,1.4968381158678636,,
Main,0.5,50%,LambdaMART,44,1.2573777537879618,,
Main,0.5,50%,LambdaMART,45,-0.14580006743393648,,
Main,0.5,50%,LambdaMART,47,1.5310091598208038,,
Main,0.5,50%,LambdaMART,50,-0.45367008180584234,,
Main,0.5,50%,LambdaMART,55,3.0982355892632594,,
Main,0.5,50%,LambdaMART,56,0.33476719842163116,,
Main,0.5,50%,LambdaMART,61,0.83852588395203642,,
Main,0.5,50%,LambdaMART,62,0.18043455176024681,,
Main,0.5,50%,LambdaMART,66,2.7241193374135362,,
Main,0.5,50%,LambdaMART,76,-0.34432128938876916,,
Main,0.5,50%,LambdaMART,78,1.3465081579867646,,
Main,0.5,50%,LambdaMART,82,0.68346983995098642,,
Main,0.5,50%,LambdaMART,93,1.6506236431318322,,
Main,0.5,50%,LambdaMART,97,4.7968497723916119,,
Main,0.5,50%,LambdaRank,7,0.78092382332957966,,
Main,0.5,50%,LambdaRank,12,0.092154037380770326,,
Main,0.5,50%,LambdaRank,13,0.59281651194200746,,
Main,0.5,50%,LambdaRank,25,0.71378868978631438,,
Main,0.5,50%,LambdaRank,27,0.2893251044765015,,
Main,0.5,50%,LambdaRank,34,1.0008032861958105,,
Main,0.5,50%,LambdaRank,58,-0.19972217394457137,,
Main,0.5,50%,LambdaRank,63,-0.11957938165424875,,
Main,0.5,50%,LambdaRank,65,0.41876033004921798,,
Main,0.5,50%,LambdaRank,74,4.5618994550696801,,
Main,0.5,50%,LambdaRank,77,0.49394049780171034,,
Main,0.5,50%,LambdaRank,78,1.8845967198080613,,
Main,0.5,50%,LambdaRank,80,0.337595702352397,,
Main,0.5,50%,LambdaRank,86,0.25422775211138271,,
Main,0.5,50%,LambdaRank,92,-0.0061264995242159559,,
Main,0.5,50%,LambdaRank,96,1.6801610088383865,,
Main,0.5,50%,LambdaRank,97,4.0956202337555903,,
Main,0.5,50%,LambdaRank,102,-0.092880791744410995,,
Main,0.5,50%,LambdaRank,106,0.32103078493321457,,
Main,0.5,50%,LambdaRank,115,-0.4604060244100171,,
Main,0.59999999999999998,60%,LTR-DQN,1,-0.32462232498435806,321014601,
Main,0.59999999999999998,60%,LTR-DQN,8,2.2005414101208975,90843299,
Main,0.59999999999999998,60%,LTR-DQN,12,0.50070192320361939,1407606596,
Main,0.59999999999999998,60%,LTR-DQN,18,1.2308805518524322,248988073,
Main,0.59999999999999998,60%,LTR-DQN,25,1.9713540748164968,2137296655,
Main,0.59999999999999998,60%,LTR-DQN,29,0.53995280640167564,454067855,
Main,0.59999999999999998,60%,LTR-DQN,31,6.8526618833016011,285798786,
Main,0.59999999999999998,60%,LTR-DQN,40,0.79245327074974137,825079857,
Main,0.59999999999999998,60%,LTR-DQN,44,1.0005483596476985,1091773373,
Main,0.59999999999999998,60%,LTR-DQN,55,2.3318837031007185,370138491,
Main,0.59999999999999998,60%,LTR-DQN,58,0.38047475452449597,864655436,
Main,0.59999999999999998,60%,LTR-DQN,59,0.13762274818119269,958472621,
Main,0.59999999999999998,60%,LTR-DQN,62,0.49475157078203047,2003246367,
Main,0.59999999999999998,60%,LTR-DQN,64,1.9196582291796687,878068006,
Main,0.59999999999999998,60%,LTR-DQN,72,1.2057422542220904,230686750,
Main,0.59999999999999998,60%,LTR-DQN,77,1.6853007166284439,559570462,
Main,0.59999999999999998,60%,LTR-DQN,79,2.2992701637552755,1080031362,
Main,0.59999999999999998,60%,LTR-DQN,81,2.0137446240424883,235690372,
Main,0.59999999999999998,60%,LTR-DQN,98,0.7839540163255132,1287790002,
Main,0.59999999999999998,60%,LTR-DQN,107,1.596211926179997,2124426311,
Main,0.59999999999999998,60%,LambdaMART,1,-0.47796768993699568,,
Main,0.59999999999999998,60%,LambdaMART,8,1.7226472034679219,,
Main,0.59999999999999998,60%,LambdaMART,12,0.1597181835958621,,
Main,0.59999999999999998,60%,LambdaMART,18,0.96321204503422697,,
Main,0.59999999999999998,60%,LambdaMART,25,0.99862239140812759,,
Main,0.59999999999999998,60%,LambdaMART,29,-0.052596987353574431,,
Main,0.59999999999999998,60%,LambdaMART,31,4.6779307000419168,,
Main,0.59999999999999998,60%,LambdaMART,40,0.4540748775458483,,
Main,0.59999999999999998,60%,LambdaMART,44,0.97491389511485638,,
Main,0.59999999999999998,60%,LambdaMART,55,1.8937584565480314,,
Main,0.59999999999999998,60%,LambdaMART,58,0.14231900112856266,,
Main,0.59999999999999998,60%,LambdaMART,59,-0.16474087834291418,,
Main,0.59999999999999998,60%,LambdaMART,62,0.32404323209417796,,
Main,0.59999999999999998,60%,LambdaMART,64,2.2714138237230261,,
Main,0.59999999999999998,60%,LambdaMART,72,0.7146523192212777,,
Main,0.59999999999999998,60%,LambdaMART,77,0.55396866809053469,,
Main,0.59999999999999998,60%,LambdaMART,79,1.1440672011642752,,
Main,0.59999999999999998,60%,LambdaMART,81,2.6444700667705185,,
Main,0.59999999999999998,60%,LambdaMART,98,0.3810625821409972,,
Main,0.59999999999999998,60%,LambdaMART,107,1.2944129246478258,,
Main,0.59999999999999998,60%,LambdaRank,14,0.22989355506442233,,
Main,0.59999999999999998,60%,LambdaRank,26,-0.22266060492127371,,
Main,0.59999999999999998,60%,LambdaRank,30,0.79283666481077719,,
Main,0.59999999999999998,60%,LambdaRank,32,0.53482983560809161,,
Main,0.59999999999999998,60%,LambdaRank,34,2.2547046538146653,,
Main,0.59999999999999998,60%,LambdaRank,53,2.5444705874661402,,
Main,0.59999999999999998,60%,LambdaRank,62,0.21560306112337835,,
Main,0.59999999999999998,60%,LambdaRank,65,0.83424583434473587,,
Main,0.59999999999999998,60%,LambdaRank,73,0.2335378255625471,,
Main,0.59999999999999998,60%,LambdaRank,86,0.9633988259092201,,
Main,0.59999999999999998,60%,LambdaRank,93,1.3420897164488657,,
Main,0.59999999999999998,60%,LambdaRank,95,-0.24330420752729875,,
Main,0.59999999999999998,60%,LambdaRank,98,0.33544913596894732,,
Main,0.59999999999999998,60%,LambdaRank,99,0.60054526162395661,,
Main,0.59999999999999998,60%,LambdaRank,110,-0.19911763345422806,,
Main,0.59999999999999998,60%,LambdaRank,116,0.12721800412783857,,
Main,0.59999999999999998,60%,LambdaRank,127,3.4600833072237407,,
Main,0.59999999999999998,60%,LambdaRank,129,0.54720117453983397,,
Main,0.59999999999999998,60%,LambdaRank,130,0.65101676341655224,,
Main,0.59999999999999998,60%,LambdaRank,132,1.2777008670287007,,
Main,0.69999999999999996,70%,LTR-DQN,5,0.70957053345092524,1522229069,
Main,0.69999999999999996,70%,LTR-DQN,9,1.1150805875728413,1789115312,
Main,0.69999999999999996,70%,LTR-DQN,13,2.1532137631131851,2031404069,
Main,0.69999999999999996,70%,LTR-DQN,19,1.3058025776987394,1509349384,
Main,0.69999999999999996,70%,LTR-DQN,24,-0.51551630160981865,1813985867,
Main,0.69999999999999996,70%,LTR-DQN,25,4.374295371418671,766888195,
Main,0.69999999999999996,70%,LTR-DQN,31,3.5289133553529304,133263334,
Main,0.69999999999999996,70%,LTR-DQN,38,2.3603149519749427,1953242642,
Main,0.69999999999999996,70%,LTR-DQN,39,0.023394128901195632,200206105,
Main,0.69999999999999996,70%,LTR-DQN,40,1.4251891254862139,246679472,
Main,0.69999999999999996,70%,LTR-DQN,42,2.5107535062440554,1543400231,
Main,0.69999999999999996,70%,LTR-DQN,48,0.69663832217590316,68606694,
Main,0.69999999999999996,70%,LTR-DQN,60,1.1227661008029211,1279552063,
Main,0.69999999999999996,70%,LTR-DQN,65,1.4043227600624828,1962903217,
Main,0.69999999999999996,70%,LTR-DQN,79,2.5133407826288563,1365885036,
Main,0.69999999999999996,70%,LTR-DQN,88,0.00035746912548817456,538703809,
Main,0.69999999999999996,70%,LTR-DQN,96,1.6336780950629106,35779246,
Main,0.69999999999999996,70%,LTR-DQN,100,0.504482688263719,249402762,
Main,0.69999999999999996,70%,LTR-DQN,117,2.259517525471181,682220389,
Main,0.69999999999999996,70%,LTR-DQN,122,4.564996634786973,1396296137,
Main,0.69999999999999996,70%,LambdaMART,5,0.57742518115889996,,
Main,0.69999999999999996,70%,LambdaMART,9,0.61586755581478236,,
Main,0.69999999999999996,70%,LambdaMART,13,1.2128660191067544,,
Main,0.69999999999999996,70%,LambdaMART,19,1.1562211323944434,,
Main,0.69999999999999996,70%,LambdaMART,24,-0.49097874623207693,,
Main,0.69999999999999996,70%,LambdaMART,25,2.8286824688752126,,
Main,0.69999999999999996,70%,LambdaMART,31,2.1994816937184356,,
Main,0.69999999999999996,70%,LambdaMART,38,1.2834920048764631,,
Main,0.69999999999999996,70%,LambdaMART,39,0.076790951532166973,,
Main,0.69999999999999996,70%,LambdaMART,40,1.0789709771304459,,
Main,0.69999999999999996,70%,LambdaMART,42,1.6291454418813234,,
Main,0.69999999999999996,70%,LambdaMART,48,0.25585424429489301,,
Main,0.69999999999999996,70%,LambdaMART,60,0.79793080089932933,,
Main,0.69999999999999996,70%,LambdaMART,65,0.72603509483262241,,
Main,0.69999999999999996,70%,LambdaMART,79,0.73167557222632706,,
Main,0.69999999999999996,70%,LambdaMART,88,-0.17563565429865302,,
Main,0.69999999999999996,70%,LambdaMART,96,1.317686033907167,,
Main,0.69999999999999996,70%,LambdaMART,100,0.34246357999686694,,
Main,0.69999999999999996,70%,LambdaMART,117,1.6919304941921931,,
Main,0.69999999999999996,70%,LambdaMART,122,4.0253206039712435,,
Main,0.69999999999999996,70%,LambdaRank,6,1.8501205032297436,,
Main,0.69999999999999996,70%,LambdaRank,12,0.11715878378368538,,
Main,0.69999999999999996,70%,LambdaRank,15,-0.31596683638757683,,
Main,0.69999999999999996,70%,LambdaRank,21,0.86543857850614292,,
Main,0.69999999999999996,70%,LambdaRank,22,0.37995660316140234,,
Main,0.69999999999999996,70%,LambdaRank,28,-0.43536796298821656,,
Main,0.69999999999999996,70%,LambdaRank,37,3.0584739954321982,,
Main,0.69999999999999996,70%,LambdaRank,38,0.44250967192303059,,
Main,0.69999999999999996,70%,LambdaRank,39,0.25227244620736733,,
Main,0.69999999999999996,70%,LambdaRank,41,-0.38900940964992192,,
Main,0.69999999999999996,70%,LambdaRank,44,2.0510055449181652,,
Main,0.69999999999999996,70%,LambdaRank,45,0.14729695941307686,,
Main,0.69999999999999996,70%,LambdaRank,47,3.2483461877162192,,
Main,0.69999999999999996,70%,LambdaRank,49,2.716824130549107,,
Main,0.69999999999999996,70%,LambdaRank,59,0.35089531242548477,,
Main,0.69999999999999996,70%,LambdaRank,69,2.9026919218725205,,
Main,0.69999999999999996,70%,LambdaRank,79,0.97001647781416422,,
Main,0.69999999999999996,70%,LambdaRank,81,1.8881310413603125,,
Main,0.69999999999999996,70%,LambdaRank,85,0.61810462580007064,,
Main,0.69999999999999996,70%,LambdaRank,88,-0.019838323655616774,,
Main,0.80000000000000004,80%,LTR-DQN,20,1.6845528090254822,327812728,
Main,0.80000000000000004,80%,LTR-DQN,27,1.4730791832950083,638516930,
Main,0.80000000000000004,80%,LTR-DQN,40,1.3970023708175683,2017324498,
Main,0.80000000000000004,80%,LTR-DQN,54,0.12644291259669038,1933412357,
Main,0.80000000000000004,80%,LTR-DQN,71,2.0172778052642824,1920267035,
Main,0.80000000000000004,80%,LTR-DQN,114,1.6499350377551329,360715776,
Main,0.80000000000000004,80%,LTR-DQN,132,1.7311336028759907,1260086534,
Main,0.80000000000000004,80%,LTR-DQN,140,3.0418052393831401,1152516921,
Main,0.80000000000000004,80%,LTR-DQN,148,3.005517290874212,1816851658,
Main,0.80000000000000004,80%,LTR-DQN,150,5.8690194147963224,343958328,
Main,0.80000000000000004,80%,LTR-DQN,155,0.52231628073965375,565272497,
Main,0.80000000000000004,80%,LTR-DQN,161,1.3285507252414619,382592157,
Main,0.80000000000000004,80%,LTR-DQN,167,0.45598012117269859,46084156,
Main,0.80000000000000004,80%,LTR-DQN,180,1.72874523114587,1217089870,
Main,0.80000000000000004,80%,LTR-DQN,181,1.1603956014395402,520837481,
Main,0.80000000000000004,80%,LTR-DQN,197,2.8221767023348492,530486995,
Main,0.80000000000000004,80%,LTR-DQN,203,2.5693521324198771,2124231360,
Main,0.80000000000000004,80%,LTR-DQN,204,1.4298301528603909,1556872554,
Main,0.80000000000000004,80%,LTR-DQN,222,1.5482760268104276,173371597,
Main,0.80000000000000004,80%,LTR-DQN,227,0.8775741761802236,65316188,
Main,0.80000000000000004,80%,LambdaMART,20,1.2904331545101622,,
Main,0.80000000000000004,80%,LambdaMART,27,1.0477606176012748,,
Main,0.80000000000000004,80%,LambdaMART,40,0.70106900682754247,,
Main,0.80000000000000004,80%,LambdaMART,54,-0.18528260357959203,,
Main,0.80000000000000004,80%,LambdaMART,71,1.5172826238259782,,
Main,0.80000000000000004,80%,LambdaMART,114,1.3037536082574048,,
Main,0.80000000000000004,80%,LambdaMART,132,0.87453324635896879,,
Main,0.80000000000000004,80%,LambdaMART,140,1.3976453675989053,,
Main,0.80000000000000004,80%,LambdaMART,148,2.2068718596263284,,
Main,0.80000000000000004,80%,LambdaMART,150,3.6200297915488306,,
Main,0.80000000000000004,80%,LambdaMART,155,0.11493342933264272,,
Main,0.80000000000000004,80%,LambdaMART,161,0.76049485677096262,,
Main,0.80000000000000004,80%,LambdaMART,167,0.45649107555438961,,
Main,0.80000000000000004,80%,LambdaMART,180,1.3420303538047285,,
Main,0.80000000000000004,80%,LambdaMART,181,0.55511991602208832,,
Main,0.80000000000000004,80%,LambdaMART,197,1.7641744108686432,,
Main,0.80000000000000004,80%,LambdaMART,203,1.9550320927519773,,
Main,0.80000000000000004,80%,LambdaMART,204,0.26563927669796006,,
Main,0.80000000000000004,80%,LambdaMART,222,1.0325915132663552,,
Main,0.80000000000000004,80%,LambdaMART,227,0.43976960607765236,,
Main,0.80000000000000004,80%,LambdaRank,2,2.3844221633726574,,
Main,0.80000000000000004,80%,LambdaRank,6,1.0899111393748835,,
Main,0.80000000000000004,80%,LambdaRank,9,1.5061138521506763,,
Main,0.80000000000000004,80%,LambdaRank,13,0.79987410847193696,,
Main,0.80000000000000004,80%,LambdaRank,23,2.4810417100548476,,
Main,0.80000000000000004,80%,LambdaRank,24,-0.4132281254248148,,
Main,0.80000000000000004,80%,LambdaRank,29,0.3938026267861745,,
Main,0.80000000000000004,80%,LambdaRank,38,0.20189404616041751,,
Main,0.80000000000000004,80%,LambdaRank,43,0.19144522543374998,,
Main,0.80000000000000004,80%,LambdaRank,46,0.80948145522891091,,
Main,0.80000000000000004,80%,LambdaRank,55,2.0307243244950155,,
Main,0.80000000000000004,80%,LambdaRank,56,-0.010131610751962672,,
Main,0.80000000000000004,80%,LambdaRank,58,0.79253185199369525,,
Main,0.80000000000000004,80%,LambdaRank,68,1.3764249280977623,,
Main,0.80000000000000004,80%,LambdaRank,70,0.19212097998862232,,
Main,0.80000000000000004,80%,LambdaRank,81,1.3388837234479603,,
Main,0.80000000000000004,80%,LambdaRank,95,1.3004388554021187,,
Main,0.80000000000000004,80%,LambdaRank,99,0.7456560909129144,,
Main,0.80000000000000004,80%,LambdaRank,100,1.1943206706447644,,
Main,0.80000000000000004,80%,LambdaRank,101,1.5338668290381507,,
Main,0.90000000000000002,90%,LTR-DQN,36,1.8383152107883416,1284621583,
Main,0.90000000000000002,90%,LTR-DQN,132,2.7687908368690044,952962062,
Main,0.90000000000000002,90%,LTR-DQN,142,1.6532258328405502,1084436676,
Main,0.90000000000000002,90%,LTR-DQN,193,2.8462972480095936,1750704041,
Main,0.90000000000000002,90%,LTR-DQN,197,2.3368029205030916,840847168,
Main,0.90000000000000002,90%,LTR-DQN,204,1.6924962922488853,556577867,
Main,0.90000000000000002,90%,LTR-DQN,237,0.76075330325216117,569280259,
Main,0.90000000000000002,90%,LTR-DQN,289,0.5538683360981691,9795449,
Main,0.90000000000000002,90%,LTR-DQN,295,1.5200553475836678,986298332,
Main,0.90000000000000002,90%,LTR-DQN,340,0.68719378455826585,631912030,
Main,0.90000000000000002,90%,LTR-DQN,398,3.275565249571307,410660040,
Main,0.90000000000000002,90%,LTR-DQN,434,2.5836855512950621,1481186546,
Main,0.90000000000000002,90%,LTR-DQN,510,2.9243144205877667,1537575354,
Main,0.90000000000000002,90%,LTR-DQN,516,1.8628430504660227,357658174,
Main,0.90000000000000002,90%,LTR-DQN,1018,3.0402536613279922,628604109,
Main,0.90000000000000002,90%,LTR-DQN,1021,1.7061343382209908,795144549,
Main,0.90000000000000002,90%,LTR-DQN,1027,3.1216292358245603,1783839301,
Main,0.90000000000000002,90%,LTR-DQN,1038,0.48094541225898002,171962506,
Main,0.90000000000000002,90%,LTR-DQN,1050,1.2032843560604296,1884262612,
Main,0.90000000000000002,90%,LTR-DQN,1076,2.895978275426125,275813463,
Main,0.90000000000000002,90%,LambdaMART,36,0.89967234575220223,,
Main,0.90000000000000002,90%,LambdaMART,132,1.6660243415169522,,
Main,0.90000000000000002,90%,LambdaMART,142,0.77564332047873474,,
Main,0.90000000000000002,90%,LambdaMART,193,2.1261498775298908,,
Main,0.90000000000000002,90%,LambdaMART,197,2.3363254393756723,,
Main,0.90000000000000002,90%,LambdaMART,204,0.86644913884238917,,
Main,0.90000000000000002,90%,LambdaMART,237,0.42522654119992143,,
Main,0.90000000000000002,90%,LambdaMART,289,0.28667484134146548,,
Main,0.90000000000000002,90%,LambdaMART,295,0.89048369755459689,,
Main,0.90000000000000002,90%,LambdaMART,340,0.39795823261101915,,
Main,0.90000000000000002,90%,LambdaMART,398,2.114298321325732,,
Main,0.90000000000000002,90%,LambdaMART,434,1.5735940510346458,,
Main,0.90000000000000002,90%,LambdaMART,510,1.3250362855819677,,
Main,0.90000000000000002,90%,LambdaMART,516,1.0179885082337559,,
Main,0.90000000000000002,90%,LambdaMART,1018,1.43654327775306,,
Main,0.90000000000000002,90%,LambdaMART,1021,0.7923745221471985,,
Main,0.90000000000000002,90%,LambdaMART,1027,1.7089457294265871,,
Main,0.90000000000000002,90%,LambdaMART,1038,0.10156915808620726,,
Main,0.90000000000000002,90%,LambdaMART,1050,0.76787066095830125,,
Main,0.90000000000000002,90%,LambdaMART,1076,1.3832752681911029,,
Main,0.90000000000000002,90%,LambdaRank,2,0.9529402154362967,,
Main,0.90000000000000002,90%,LambdaRank,18,0.95943531438752006,,
Main,0.90000000000000002,90%,LambdaRank,23,1.9336388260386985,,
Main,0.90000000000000002,90%,LambdaRank,28,0.10404457049573534,,
Main,0.90000000000000002,90%,LambdaRank,36,0.48128992514671531,,
Main,0.90000000000000002,90%,LambdaRank,62,1.1498928921305152,,
Main,0.90000000000000002,90%,LambdaRank,72,1.275744159019423,,
Main,0.90000000000000002,90%,LambdaRank,79,0.88026545943090229,,
Main,0.90000000000000002,90%,LambdaRank,82,1.0935649170189907,,
Main,0.90000000000000002,90%,LambdaRank,84,1.1276879483957916,,
Main,0.90000000000000002,90%,LambdaRank,99,0.52192067210238813,,
Main,0.90000000000000002,90%,LambdaRank,104,0.45709983277823163,,
Main,0.90000000000000002,90%,LambdaRank,109,1.4320811532590585,,
Main,0.90000000000000002,90%,LambdaRank,110,-0.0091446372393781949,,
Main,0.90000000000000002,90%,LambdaRank,123,1.2296689963914678,,
Main,0.90000000000000002,90%,LambdaRank,125,1.4425342507150183,,
Main,0.90000000000000002,90%,LambdaRank,129,0.96166841323900965,,
Main,0.90000000000000002,90%,LambdaRank,131,2.1626331530865954,,
Main,0.90000000000000002,90%,LambdaRank,137,1.0132801618090492,,
Main,0.90000000000000002,90%,LambdaRank,144,1.8090696850511212,,
