market,sampling_rate,sampling_label,model,seed,ARR,dqn_seed,source,source_signature
Main,0.5,50%,LambdaRank,7,0.7809238233295797,,,a52e50841332670b58272f65f9c33b06aad47f85df3f3681bdf46581f758cb95
Main,0.5,50%,LambdaRank,12,0.09215403738077033,,,a52e50841332670b58272f65f9c33b06aad47f85df3f3681bdf46581f758cb95
Main,0.5,50%,LambdaRank,13,0.5928165119420075,,,a52e50841332670b58272f65f9c33b06aad47f85df3f3681bdf46581f758cb95
Main,0.5,50%,LambdaRank,25,0.7137886897863144,,,a52e50841332670b58272f65f9c33b06aad47f85df3f3681bdf46581f758cb95
Main,0.5,50%,LambdaRank,27,0.2893251044765015,,,a52e50841332670b58272f65f9c33b06aad47f85df3f3681bdf46581f758cb95
Main,0.5,50%,LambdaRank,34,1.0008032861958105,,,a52e50841332670b58272f65f9c33b06aad47f85df3f3681bdf46581f758cb95
Main,0.5,50%,LambdaRank,58,-0.19972217394457137,,,a52e50841332670b58272f65f9c33b06aad47f85df3f3681bdf46581f758cb95
Main,0.5,50%,LambdaRank,63,-0.11957938165424875,,,a52e50841332670b58272f65f9c33b06aad47f85df3f3681bdf46581f758cb95
Main,0.5,50%,LambdaRank,65,0.418760330049218,,,a52e50841332670b58272f65f9c33b06aad47f85df3f3681bdf46581f758cb95
Main,0.5,50%,LambdaRank,74,4.56189945506968,,,a52e50841332670b58272f65f9c33b06aad47f85df3f3681bdf46581f758cb95
Main,0.5,50%,LambdaRank,77,0.49394049780171034,,,a52e50841332670b58272f65f9c33b06aad47f85df3f3681bdf46581f758cb95
Main,0.5,50%,LambdaRank,78,1.8845967198080613,,,a52e50841332670b58272f65f9c33b06aad47f85df3f3681bdf46581f758cb95
Main,0.5,50%,LambdaRank,80,0.337595702352397,,,a52e50841332670b58272f65f9c33b06aad47f85df3f3681bdf46581f758cb95
Main,0.5,50%,LambdaRank,86,0.2542277521113827,,,a52e50841332670b58272f65f9c33b06aad47f85df3f3681bdf46581f758cb95
Main,0.5,50%,LambdaRank,92,-0.006126499524215956,,,a52e50841332670b58272f65f9c33b06aad47f85df3f3681bdf46581f758cb95
Main,0.5,50%,LambdaRank,96,1.6801610088383865,,,a52e50841332670b58272f65f9c33b06aad47f85df3f3681bdf46581f758cb95
Main,0.5,50%,LambdaRank,97,4.09562023375559,,,a52e50841332670b58272f65f9c33b06aad47f85df3f3681bdf46581f758cb95
Main,0.5,50%,LambdaRank,102,-0.092880791744411,,,a52e50841332670b58272f65f9c33b06aad47f85df3f3681bdf46581f758cb95
Main,0.5,50%,LambdaRank,106,0.3210307849332146,,,a52e50841332670b58272f65f9c33b06aad47f85df3f3681bdf46581f758cb95
Main,0.5,50%,LambdaRank,115,-0.4604060244100171,,,a52e50841332670b58272f65f9c33b06aad47f85df3f3681bdf46581f758cb95
Main,0.5,50%,LambdaMART,5,0.42609796034996195,,,a52e50841332670b58272f65f9c33b06aad47f85df3f3681bdf46581f758cb95
Main,0.5,50%,LTR-DQN,5,1.0278191856255048,206232353.0,,a52e50841332670b58272f65f9c33b06aad47f85df3f3681bdf46581f758cb95
Main,0.5,50%,LambdaMART,11,-0.13702038020220275,,,a52e50841332670b58272f65f9c33b06aad47f85df3f3681bdf46581f758cb95
Main,0.5,50%,LTR-DQN,11,0.10492258535292986,199038225.0,,a52e50841332670b58272f65f9c33b06aad47f85df3f3681bdf46581f758cb95
Main,0.5,50%,LambdaMART,12,0.2557896719312509,,,a52e50841332670b58272f65f9c33b06aad47f85df3f3681bdf46581f758cb95
Main,0.5,50%,LTR-DQN,12,2.0619930023551905,266626707.0,,a52e50841332670b58272f65f9c33b06aad47f85df3f3681bdf46581f758cb95
Main,0.5,50%,LambdaMART,29,-0.35180231509173143,,,a52e50841332670b58272f65f9c33b06aad47f85df3f3681bdf46581f758cb95
Main,0.5,50%,LTR-DQN,29,-0.3010774322479328,293927269.0,,a52e50841332670b58272f65f9c33b06aad47f85df3f3681bdf46581f758cb95
Main,0.5,50%,LambdaMART,41,-0.39038990095698,,,a52e50841332670b58272f65f9c33b06aad47f85df3f3681bdf46581f758cb95
Main,0.5,50%,LTR-DQN,41,-0.21894517496495725,373897776.0,,a52e50841332670b58272f65f9c33b06aad47f85df3f3681bdf46581f758cb95
Main,0.5,50%,LambdaMART,42,1.4968381158678636,,,a52e50841332670b58272f65f9c33b06aad47f85df3f3681bdf46581f758cb95
Main,0.5,50%,LTR-DQN,42,1.3009680638515793,1475701306.0,,a52e50841332670b58272f65f9c33b06aad47f85df3f3681bdf46581f758cb95
Main,0.5,50%,LambdaMART,44,1.2573777537879618,,,a52e50841332670b58272f65f9c33b06aad47f85df3f3681bdf46581f758cb95
Main,0.5,50%,LTR-DQN,44,1.4039176935364748,1441215557.0,,a52e50841332670b58272f65f9c33b06aad47f85df3f3681bdf46581f758cb95
Main,0.5,50%,LambdaMART,45,-0.14580006743393648,,,a52e50841332670b58272f65f9c33b06aad47f85df3f3681bdf46581f758cb95
Main,0.5,50%,LTR-DQN,45,0.013659603199817516,57154534.0,,a52e50841332670b58272f65f9c33b06aad47f85df3f3681bdf46581f758cb95
Main,0.5,50%,LambdaMART,47,1.5310091598208038,,,a52e50841332670b58272f65f9c33b06aad47f85df3f3681bdf46581f758cb95
Main,0.5,50%,LTR-DQN,47,2.005912520294759,1382236470.0,,a52e50841332670b58272f65f9c33b06aad47f85df3f3681bdf46581f758cb95
Main,0.5,50%,LambdaMART,50,-0.45367008180584234,,,a52e50841332670b58272f65f9c33b06aad47f85df3f3681bdf46581f758cb95
Main,0.5,50%,LTR-DQN,50,-0.31511637669433823,405520300.0,,a52e50841332670b58272f65f9c33b06aad47f85df3f3681bdf46581f758cb95
Main,0.5,50%,LambdaMART,55,3.0982355892632594,,,a52e50841332670b58272f65f9c33b06aad47f85df3f3681bdf46581f758cb95
Main,0.5,50%,LTR-DQN,55,2.732363724807728,1154720961.0,,a52e50841332670b58272f65f9c33b06aad47f85df3f3681bdf46581f758cb95
Main,0.5,50%,LambdaMART,56,0.33476719842163116,,,a52e50841332670b58272f65f9c33b06aad47f85df3f3681bdf46581f758cb95
Main,0.5,50%,LTR-DQN,56,0.724797592912588,1624073271.0,,a52e50841332670b58272f65f9c33b06aad47f85df3f3681bdf46581f758cb95
Main,0.5,50%,LambdaMART,61,0.8385258839520364,,,a52e50841332670b58272f65f9c33b06aad47f85df3f3681bdf46581f758cb95
Main,0.5,50%,LTR-DQN,61,1.974288984905892,1613278763.0,,a52e50841332670b58272f65f9c33b06aad47f85df3f3681bdf46581f758cb95
Main,0.5,50%,LambdaMART,62,0.1804345517602468,,,a52e50841332670b58272f65f9c33b06aad47f85df3f3681bdf46581f758cb95
Main,0.5,50%,LTR-DQN,62,0.5542370509679342,29446143.0,,a52e50841332670b58272f65f9c33b06aad47f85df3f3681bdf46581f758cb95
Main,0.5,50%,LambdaMART,66,2.724119337413536,,,a52e50841332670b58272f65f9c33b06aad47f85df3f3681bdf46581f758cb95
Main,0.5,50%,LTR-DQN,66,1.5738936161576578,1567733573.0,,a52e50841332670b58272f65f9c33b06aad47f85df3f3681bdf46581f758cb95
Main,0.5,50%,LambdaMART,76,-0.34432128938876916,,,a52e50841332670b58272f65f9c33b06aad47f85df3f3681bdf46581f758cb95
Main,0.5,50%,LTR-DQN,76,-0.3687426363248949,1334194821.0,,a52e50841332670b58272f65f9c33b06aad47f85df3f3681bdf46581f758cb95
Main,0.5,50%,LambdaMART,78,1.3465081579867646,,,a52e50841332670b58272f65f9c33b06aad47f85df3f3681bdf46581f758cb95
Main,0.5,50%,LTR-DQN,78,1.8195703919842843,1550374758.0,,a52e50841332670b58272f65f9c33b06aad47f85df3f3681bdf46581f758cb95
Main,0.5,50%,LambdaMART,82,0.6834698399509864,,,a52e50841332670b58272f65f9c33b06aad47f85df3f3681bdf46581f758cb95
Main,0.5,50%,LTR-DQN,82,1.4656661304757055,1013530255.0,,a52e50841332670b58272f65f9c33b06aad47f85df3f3681bdf46581f758cb95
Main,0.5,50%,LambdaMART,93,1.6506236431318322,,,a52e50841332670b58272f65f9c33b06aad47f85df3f3681bdf46581f758cb95
Main,0.5,50%,LTR-DQN,93,4.425412089138753,1230915076.0,,a52e50841332670b58272f65f9c33b06aad47f85df3f3681bdf46581f758cb95
Main,0.5,50%,LambdaMART,97,4.796849772391612,,,a52e50841332670b58272f65f9c33b06aad47f85df3f3681bdf46581f758cb95
Main,0.5,50%,LTR-DQN,97,5.117191730157876,1881778125.0,,a52e50841332670b58272f65f9c33b06aad47f85df3f3681bdf46581f758cb95
Main,0.6,60%,LambdaRank,14,0.22989355506442233,,,a52e50841332670b58272f65f9c33b06aad47f85df3f3681bdf46581f758cb95
Main,0.6,60%,LambdaRank,26,-0.2226606049212737,,,a52e50841332670b58272f65f9c33b06aad47f85df3f3681bdf46581f758cb95
Main,0.6,60%,LambdaRank,30,0.7928366648107772,,,a52e50841332670b58272f65f9c33b06aad47f85df3f3681bdf46581f758cb95
Main,0.6,60%,LambdaRank,32,0.5348298356080916,,,a52e50841332670b58272f65f9c33b06aad47f85df3f3681bdf46581f758cb95
Main,0.6,60%,LambdaRank,34,2.2547046538146653,,,a52e50841332670b58272f65f9c33b06aad47f85df3f3681bdf46581f758cb95
Main,0.6,60%,LambdaRank,53,2.54447058746614,,,a52e50841332670b58272f65f9c33b06aad47f85df3f3681bdf46581f758cb95
Main,0.6,60%,LambdaRank,62,0.21560306112337835,,,a52e50841332670b58272f65f9c33b06aad47f85df3f3681bdf46581f758cb95
Main,0.6,60%,LambdaRank,65,0.8342458343447359,,,a52e50841332670b58272f65f9c33b06aad47f85df3f3681bdf46581f758cb95
Main,0.6,60%,LambdaRank,73,0.2335378255625471,,,a52e50841332670b58272f65f9c33b06aad47f85df3f3681bdf46581f758cb95
Main,0.6,60%,LambdaRank,86,0.9633988259092201,,,a52e50841332670b58272f65f9c33b06aad47f85df3f3681bdf46581f758cb95
Main,0.6,60%,LambdaRank,93,1.3420897164488657,,,a52e50841332670b58272f65f9c33b06aad47f85df3f3681bdf46581f758cb95
Main,0.6,60%,LambdaRank,95,-0.24330420752729875,,,a52e50841332670b58272f65f9c33b06aad47f85df3f3681bdf46581f758cb95
Main,0.6,60%,LambdaRank,98,0.3354491359689473,,,a52e50841332670b58272f65f9c33b06aad47f85df3f3681bdf46581f758cb95
Main,0.6,60%,LambdaRank,99,0.6005452616239566,,,a52e50841332670b58272f65f9c33b06aad47f85df3f3681bdf46581f758cb95
Main,0.6,60%,LambdaRank,110,-0.19911763345422806,,,a52e50841332670b58272f65f9c33b06aad47f85df3f3681bdf46581f758cb95
Main,0.6,60%,LambdaRank,116,0.12721800412783857,,,a52e50841332670b58272f65f9c33b06aad47f85df3f3681bdf46581f758cb95
Main,0.6,60%,LambdaRank,127,3.4600833072237407,,,a52e50841332670b58272f65f9c33b06aad47f85df3f3681bdf46581f758cb95
Main,0.6,60%,LambdaRank,129,0.547201174539834,,,a52e50841332670b58272f65f9c33b06aad47f85df3f3681bdf46581f758cb95
Main,0.6,60%,LambdaRank,130,0.6510167634165522,,,a52e50841332670b58272f65f9c33b06aad47f85df3f3681bdf46581f758cb95
Main,0.6,60%,LambdaRank,132,1.2777008670287007,,,a52e50841332670b58272f65f9c33b06aad47f85df3f3681bdf46581f758cb95
Main,0.6,60%,LambdaMART,1,-0.4779676899369957,,,a52e50841332670b58272f65f9c33b06aad47f85df3f3681bdf46581f758cb95
Main,0.6,60%,LTR-DQN,1,-0.32462232498435806,321014601.0,,a52e50841332670b58272f65f9c33b06aad47f85df3f3681bdf46581f758cb95
Main,0.6,60%,LambdaMART,8,1.7226472034679219,,,a52e50841332670b58272f65f9c33b06aad47f85df3f3681bdf46581f758cb95
Main,0.6,60%,LTR-DQN,8,2.2005414101208975,90843299.0,,a52e50841332670b58272f65f9c33b06aad47f85df3f3681bdf46581f758cb95
Main,0.6,60%,LambdaMART,12,0.1597181835958621,,,a52e50841332670b58272f65f9c33b06aad47f85df3f3681bdf46581f758cb95
Main,0.6,60%,LTR-DQN,12,0.5007019232036194,1407606596.0,,a52e50841332670b58272f65f9c33b06aad47f85df3f3681bdf46581f758cb95
Main,0.6,60%,LambdaMART,18,0.963212045034227,,,a52e50841332670b58272f65f9c33b06aad47f85df3f3681bdf46581f758cb95
Main,0.6,60%,LTR-DQN,18,1.2308805518524322,248988073.0,,a52e50841332670b58272f65f9c33b06aad47f85df3f3681bdf46581f758cb95
Main,0.6,60%,LambdaMART,25,0.9986223914081276,,,a52e50841332670b58272f65f9c33b06aad47f85df3f3681bdf46581f758cb95
Main,0.6,60%,LTR-DQN,25,1.9713540748164968,2137296655.0,,a52e50841332670b58272f65f9c33b06aad47f85df3f3681bdf46581f758cb95
Main,0.6,60%,LambdaMART,29,-0.05259698735357443,,,a52e50841332670b58272f65f9c33b06aad47f85df3f3681bdf46581f758cb95
Main,0.6,60%,LTR-DQN,29,0.5399528064016756,454067855.0,,a52e50841332670b58272f65f9c33b06aad47f85df3f3681bdf46581f758cb95
Main,0.6,60%,LambdaMART,31,4.677930700041917,,,a52e50841332670b58272f65f9c33b06aad47f85df3f3681bdf46581f758cb95
Main,0.6,60%,LTR-DQN,31,6.852661883301601,285798786.0,,a52e50841332670b58272f65f9c33b06aad47f85df3f3681bdf46581f758cb95
Main,0.6,60%,LambdaMART,40,0.4540748775458483,,,a52e50841332670b58272f65f9c33b06aad47f85df3f3681bdf46581f758cb95
Main,0.6,60%,LTR-DQN,40,0.7924532707497414,825079857.0,,a52e50841332670b58272f65f9c33b06aad47f85df3f3681bdf46581f758cb95
Main,0.6,60%,LambdaMART,44,0.9749138951148564,,,a52e50841332670b58272f65f9c33b06aad47f85df3f3681bdf46581f758cb95
Main,0.6,60%,LTR-DQN,44,1.0005483596476985,1091773373.0,,a52e50841332670b58272f65f9c33b06aad47f85df3f3681bdf46581f758cb95
Main,0.6,60%,LambdaMART,55,1.8937584565480314,,,a52e50841332670b58272f65f9c33b06aad47f85df3f3681bdf46581f758cb95
Main,0.6,60%,LTR-DQN,55,2.3318837031007185,370138491.0,,a52e50841332670b58272f65f9c33b06aad47f85df3f3681bdf46581f758cb95
Main,0.6,60%,LambdaMART,58,0.14231900112856266,,,a52e50841332670b58272f65f9c33b06aad47f85df3f3681bdf46581f758cb95
Main,0.6,60%,LTR-DQN,58,0.380474754524496,864655436.0,,a52e50841332670b58272f65f9c33b06aad47f85df3f3681bdf46581f758cb95
Main,0.6,60%,LambdaMART,59,-0.16474087834291418,,,a52e50841332670b58272f65f9c33b06aad47f85df3f3681bdf46581f758cb95
Main,0.6,60%,LTR-DQN,59,0.1376227481811927,958472621.0,,a52e50841332670b58272f65f9c33b06aad47f85df3f3681bdf46581f758cb95
Main,0.6,60%,LambdaMART,62,0.32404323209417796,,,a52e50841332670b58272f65f9c33b06aad47f85df3f3681bdf46581f758cb95
Main,0.6,60%,LTR-DQN,62,0.49475157078203047,2003246367.0,,a52e50841332670b58272f65f9c33b06aad47f85df3f3681bdf46581f758cb95
Main,0.6,60%,LambdaMART,64,2.271413823723026,,,a52e50841332670b58272f65f9c33b06aad47f85df3f3681bdf46581f758cb95
Main,0.6,60%,LTR-DQN,64,1.9196582291796687,878068006.0,,a52e50841332670b58272f65f9c33b06aad47f85df3f3681bdf46581f758cb95
Main,0.6,60%,LambdaMART,72,0.7146523192212777,,,a52e50841332670b58272f65f9c33b06aad47f85df3f3681bdf46581f758cb95
Main,0.6,60%,LTR-DQN,72,1.2057422542220904,230686750.0,,a52e50841332670b58272f65f9c33b06aad47f85df3f3681bdf46581f758cb95
Main,0.6,60%,LambdaMART,77,0.5539686680905347,,,a52e50841332670b58272f65f9c33b06aad47f85df3f3681bdf46581f758cb95
Main,0.6,60%,LTR-DQN,77,1.685300716628444,559570462.0,,a52e50841332670b58272f65f9c33b06aad47f85df3f3681bdf46581f758cb95
Main,0.6,60%,LambdaMART,79,1.1440672011642752,,,a52e50841332670b58272f65f9c33b06aad47f85df3f3681bdf46581f758cb95
Main,0.6,60%,LTR-DQN,79,2.2992701637552755,1080031362.0,,a52e50841332670b58272f65f9c33b06aad47f85df3f3681bdf46581f758cb95
Main,0.6,60%,LambdaMART,81,2.6444700667705185,,,a52e50841332670b58272f65f9c33b06aad47f85df3f3681bdf46581f758cb95
Main,0.6,60%,LTR-DQN,81,2.0137446240424883,235690372.0,,a52e50841332670b58272f65f9c33b06aad47f85df3f3681bdf46581f758cb95
Main,0.6,60%,LambdaMART,98,0.3810625821409972,,,a52e50841332670b58272f65f9c33b06aad47f85df3f3681bdf46581f758cb95
Main,0.6,60%,LTR-DQN,98,0.7839540163255132,1287790002.0,,a52e50841332670b58272f65f9c33b06aad47f85df3f3681bdf46581f758cb95
Main,0.6,60%,LambdaMART,107,1.2944129246478258,,,a52e50841332670b58272f65f9c33b06aad47f85df3f3681bdf46581f758cb95
Main,0.6,60%,LTR-DQN,107,1.596211926179997,2124426311.0,,a52e50841332670b58272f65f9c33b06aad47f85df3f3681bdf46581f758cb95
Main,0.7,70%,LambdaRank,6,1.8501205032297436,,,a52e50841332670b58272f65f9c33b06aad47f85df3f3681bdf46581f758cb95
Main,0.7,70%,LambdaRank,12,0.11715878378368538,,,a52e50841332670b58272f65f9c33b06aad47f85df3f3681bdf46581f758cb95
Main,0.7,70%,LambdaRank,15,-0.31596683638757683,,,a52e50841332670b58272f65f9c33b06aad47f85df3f3681bdf46581f758cb95
Main,0.7,70%,LambdaRank,21,0.8654385785061429,,,a52e50841332670b58272f65f9c33b06aad47f85df3f3681bdf46581f758cb95
Main,0.7,70%,LambdaRank,22,0.37995660316140234,,,a52e50841332670b58272f65f9c33b06aad47f85df3f3681bdf46581f758cb95
Main,0.7,70%,LambdaRank,28,-0.43536796298821656,,,a52e50841332670b58272f65f9c33b06aad47f85df3f3681bdf46581f758cb95
Main,0.7,70%,LambdaRank,37,3.0584739954321982,,,a52e50841332670b58272f65f9c33b06aad47f85df3f3681bdf46581f758cb95
Main,0.7,70%,LambdaRank,38,0.4425096719230306,,,a52e50841332670b58272f65f9c33b06aad47f85df3f3681bdf46581f758cb95
Main,0.7,70%,LambdaRank,39,0.25227244620736733,,,a52e50841332670b58272f65f9c33b06aad47f85df3f3681bdf46581f758cb95
Main,0.7,70%,LambdaRank,41,-0.3890094096499219,,,a52e50841332670b58272f65f9c33b06aad47f85df3f3681bdf46581f758cb95
Main,0.7,70%,LambdaRank,44,2.0510055449181652,,,a52e50841332670b58272f65f9c33b06aad47f85df3f3681bdf46581f758cb95
Main,0.7,70%,LambdaRank,45,0.14729695941307686,,,a52e50841332670b58272f65f9c33b06aad47f85df3f3681bdf46581f758cb95
Main,0.7,70%,LambdaRank,47,3.248346187716219,,,a52e50841332670b58272f65f9c33b06aad47f85df3f3681bdf46581f758cb95
Main,0.7,70%,LambdaRank,49,2.716824130549107,,,a52e50841332670b58272f65f9c33b06aad47f85df3f3681bdf46581f758cb95
Main,0.7,70%,LambdaRank,59,0.3508953124254848,,,a52e50841332670b58272f65f9c33b06aad47f85df3f3681bdf46581f758cb95
Main,0.7,70%,LambdaRank,69,2.9026919218725205,,,a52e50841332670b58272f65f9c33b06aad47f85df3f3681bdf46581f758cb95
Main,0.7,70%,LambdaRank,79,0.9700164778141642,,,a52e50841332670b58272f65f9c33b06aad47f85df3f3681bdf46581f758cb95
Main,0.7,70%,LambdaRank,81,1.8881310413603125,,,a52e50841332670b58272f65f9c33b06aad47f85df3f3681bdf46581f758cb95
Main,0.7,70%,LambdaRank,85,0.6181046258000706,,,a52e50841332670b58272f65f9c33b06aad47f85df3f3681bdf46581f758cb95
Main,0.7,70%,LambdaRank,88,-0.019838323655616774,,,a52e50841332670b58272f65f9c33b06aad47f85df3f3681bdf46581f758cb95
Main,0.7,70%,LambdaMART,5,0.5774251811589,,,a52e50841332670b58272f65f9c33b06aad47f85df3f3681bdf46581f758cb95
Main,0.7,70%,LTR-DQN,5,0.7095705334509252,1522229069.0,,a52e50841332670b58272f65f9c33b06aad47f85df3f3681bdf46581f758cb95
Main,0.7,70%,LambdaMART,9,0.6158675558147824,,,a52e50841332670b58272f65f9c33b06aad47f85df3f3681bdf46581f758cb95
Main,0.7,70%,LTR-DQN,9,1.1150805875728413,1789115312.0,,a52e50841332670b58272f65f9c33b06aad47f85df3f3681bdf46581f758cb95
Main,0.7,70%,LambdaMART,13,1.2128660191067544,,,a52e50841332670b58272f65f9c33b06aad47f85df3f3681bdf46581f758cb95
Main,0.7,70%,LTR-DQN,13,2.153213763113185,2031404069.0,,a52e50841332670b58272f65f9c33b06aad47f85df3f3681bdf46581f758cb95
Main,0.7,70%,LambdaMART,19,1.1562211323944434,,,a52e50841332670b58272f65f9c33b06aad47f85df3f3681bdf46581f758cb95
Main,0.7,70%,LTR-DQN,19,1.3058025776987394,1509349384.0,,a52e50841332670b58272f65f9c33b06aad47f85df3f3681bdf46581f758cb95
Main,0.7,70%,LambdaMART,24,-0.49097874623207693,,,a52e50841332670b58272f65f9c33b06aad47f85df3f3681bdf46581f758cb95
Main,0.7,70%,LTR-DQN,24,-0.5155163016098187,1813985867.0,,a52e50841332670b58272f65f9c33b06aad47f85df3f3681bdf46581f758cb95
Main,0.7,70%,LambdaMART,25,2.8286824688752126,,,a52e50841332670b58272f65f9c33b06aad47f85df3f3681bdf46581f758cb95
Main,0.7,70%,LTR-DQN,25,4.374295371418671,766888195.0,,a52e50841332670b58272f65f9c33b06aad47f85df3f3681bdf46581f758cb95
Main,0.7,70%,LambdaMART,31,2.1994816937184356,,,a52e50841332670b58272f65f9c33b06aad47f85df3f3681bdf46581f758cb95
Main,0.7,70%,LTR-DQN,31,3.5289133553529304,133263334.0,,a52e50841332670b58272f65f9c33b06aad47f85df3f3681bdf46581f758cb95
Main,0.7,70%,LambdaMART,38,1.283492004876463,,,a52e50841332670b58272f65f9c33b06aad47f85df3f3681bdf46581f758cb95
Main,0.7,70%,LTR-DQN,38,2.3603149519749427,1953242642.0,,a52e50841332670b58272f65f9c33b06aad47f85df3f3681bdf46581f758cb95
Main,0.7,70%,LambdaMART,39,0.07679095153216697,,,a52e50841332670b58272f65f9c33b06aad47f85df3f3681bdf46581f758cb95
Main,0.7,70%,LTR-DQN,39,0.023394128901195632,200206105.0,,a52e50841332670b58272f65f9c33b06aad47f85df3f3681bdf46581f758cb95
Main,0.7,70%,LambdaMART,40,1.0789709771304459,,,a52e50841332670b58272f65f9c33b06aad47f85df3f3681bdf46581f758cb95
Main,0.7,70%,LTR-DQN,40,1.425189125486214,246679472.0,,a52e50841332670b58272f65f9c33b06aad47f85df3f3681bdf46581f758cb95
Main,0.7,70%,LambdaMART,42,1.6291454418813234,,,a52e50841332670b58272f65f9c33b06aad47f85df3f3681bdf46581f758cb95
Main,0.7,70%,LTR-DQN,42,2.5107535062440554,1543400231.0,,a52e50841332670b58272f65f9c33b06aad47f85df3f3681bdf46581f758cb95
Main,0.7,70%,LambdaMART,48,0.255854244294893,,,a52e50841332670b58272f65f9c33b06aad47f85df3f3681bdf46581f758cb95
Main,0.7,70%,LTR-DQN,48,0.6966383221759032,68606694.0,,a52e50841332670b58272f65f9c33b06aad47f85df3f3681bdf46581f758cb95
Main,0.7,70%,LambdaMART,60,0.7979308008993293,,,a52e50841332670b58272f65f9c33b06aad47f85df3f3681bdf46581f758cb95
Main,0.7,70%,LTR-DQN,60,1.122766100802921,1279552063.0,,a52e50841332670b58272f65f9c33b06aad47f85df3f3681bdf46581f758cb95
Main,0.7,70%,LambdaMART,65,0.7260350948326224,,,a52e50841332670b58272f65f9c33b06aad47f85df3f3681bdf46581f758cb95
Main,0.7,70%,LTR-DQN,65,1.4043227600624828,1962903217.0,,a52e50841332670b58272f65f9c33b06aad47f85df3f3681bdf46581f758cb95
Main,0.7,70%,LambdaMART,79,0.7316755722263271,,,a52e50841332670b58272f65f9c33b06aad47f85df3f3681bdf46581f758cb95
Main,0.7,70%,LTR-DQN,79,2.5133407826288563,1365885036.0,,a52e50841332670b58272f65f9c33b06aad47f85df3f3681bdf46581f758cb95
Main,0.7,70%,LambdaMART,88,-0.17563565429865302,,,a52e50841332670b58272f65f9c33b06aad47f85df3f3681bdf46581f758cb95
Main,0.7,70%,LTR-DQN,88,0.00035746912548817456,538703809.0,,a52e50841332670b58272f65f9c33b06aad47f85df3f3681bdf46581f758cb95
Main,0.7,70%,LambdaMART,96,1.317686033907167,,,a52e50841332670b58272f65f9c33b06aad47f85df3f3681bdf46581f758cb95
Main,0.7,70%,LTR-DQN,96,1.6336780950629106,35779246.0,,a52e50841332670b58272f65f9c33b06aad47f85df3f3681bdf46581f758cb95
Main,0.7,70%,LambdaMART,100,0.34246357999686694,,,a52e50841332670b58272f65f9c33b06aad47f85df3f3681bdf46581f758cb95
Main,0.7,70%,LTR-DQN,100,0.504482688263719,249402762.0,,a52e50841332670b58272f65f9c33b06aad47f85df3f3681bdf46581f758cb95
Main,0.7,70%,LambdaMART,117,1.691930494192193,,,a52e50841332670b58272f65f9c33b06aad47f85df3f3681bdf46581f758cb95
Main,0.7,70%,LTR-DQN,117,2.259517525471181,682220389.0,,a52e50841332670b58272f65f9c33b06aad47f85df3f3681bdf46581f758cb95
Main,0.7,70%,LambdaMART,122,4.0253206039712435,,,a52e50841332670b58272f65f9c33b06aad47f85df3f3681bdf46581f758cb95
Main,0.7,70%,LTR-DQN,122,4.564996634786973,1396296137.0,,a52e50841332670b58272f65f9c33b06aad47f85df3f3681bdf46581f758cb95
Main,0.8,80%,LambdaRank,2,2.3844221633726574,,,a52e50841332670b58272f65f9c33b06aad47f85df3f3681bdf46581f758cb95
Main,0.8,80%,LambdaRank,6,1.0899111393748835,,,a52e50841332670b58272f65f9c33b06aad47f85df3f3681bdf46581f758cb95
Main,0.8,80%,LambdaRank,9,1.5061138521506763,,,a52e50841332670b58272f65f9c33b06aad47f85df3f3681bdf46581f758cb95
Main,0.8,80%,LambdaRank,13,0.799874108471937,,,a52e50841332670b58272f65f9c33b06aad47f85df3f3681bdf46581f758cb95
Main,0.8,80%,LambdaRank,23,2.4810417100548476,,,a52e50841332670b58272f65f9c33b06aad47f85df3f3681bdf46581f758cb95
Main,0.8,80%,LambdaRank,24,-0.4132281254248148,,,a52e50841332670b58272f65f9c33b06aad47f85df3f3681bdf46581f758cb95
Main,0.8,80%,LambdaRank,29,0.3938026267861745,,,a52e50841332670b58272f65f9c33b06aad47f85df3f3681bdf46581f758cb95
Main,0.8,80%,LambdaRank,38,0.2018940461604175,,,a52e50841332670b58272f65f9c33b06aad47f85df3f3681bdf46581f758cb95
Main,0.8,80%,LambdaRank,43,0.19144522543374998,,,a52e50841332670b58272f65f9c33b06aad47f85df3f3681bdf46581f758cb95
Main,0.8,80%,LambdaRank,46,0.8094814552289109,,,a52e50841332670b58272f65f9c33b06aad47f85df3f3681bdf46581f758cb95
Main,0.8,80%,LambdaRank,55,2.0307243244950155,,,a52e50841332670b58272f65f9c33b06aad47f85df3f3681bdf46581f758cb95
Main,0.8,80%,LambdaRank,56,-0.010131610751962672,,,a52e50841332670b58272f65f9c33b06aad47f85df3f3681bdf46581f758cb95
Main,0.8,80%,LambdaRank,58,0.7925318519936952,,,a52e50841332670b58272f65f9c33b06aad47f85df3f3681bdf46581f758cb95
Main,0.8,80%,LambdaRank,68,1.3764249280977623,,,a52e50841332670b58272f65f9c33b06aad47f85df3f3681bdf46581f758cb95
Main,0.8,80%,LambdaRank,70,0.19212097998862232,,,a52e50841332670b58272f65f9c33b06aad47f85df3f3681bdf46581f758cb95
Main,0.8,80%,LambdaRank,81,1.3388837234479603,,,a52e50841332670b58272f65f9c33b06aad47f85df3f3681bdf46581f758cb95
Main,0.8,80%,LambdaRank,95,1.3004388554021187,,,a52e50841332670b58272f65f9c33b06aad47f85df3f3681bdf46581f758cb95
Main,0.8,80%,LambdaRank,99,0.7456560909129144,,,a52e50841332670b58272f65f9c33b06aad47f85df3f3681bdf46581f758cb95
Main,0.8,80%,LambdaRank,100,1.1943206706447644,,,a52e50841332670b58272f65f9c33b06aad47f85df3f3681bdf46581f758cb95
Main,0.8,80%,LambdaRank,101,1.5338668290381507,,,a52e50841332670b58272f65f9c33b06aad47f85df3f3681bdf46581f758cb95
Main,0.8,80%,LambdaMART,20,1.2904331545101622,,,a52e50841332670b58272f65f9c33b06aad47f85df3f3681bdf46581f758cb95
Main,0.8,80%,LTR-DQN,20,1.6845528090254822,327812728.0,,a52e50841332670b58272f65f9c33b06aad47f85df3f3681bdf46581f758cb95
Main,0.8,80%,LambdaMART,27,1.0477606176012748,,,a52e50841332670b58272f65f9c33b06aad47f85df3f3681bdf46581f758cb95
Main,0.8,80%,LTR-DQN,27,1.4730791832950083,638516930.0,,a52e50841332670b58272f65f9c33b06aad47f85df3f3681bdf46581f758cb95
Main,0.8,80%,LambdaMART,40,0.7010690068275425,,,a52e50841332670b58272f65f9c33b06aad47f85df3f3681bdf46581f758cb95
Main,0.8,80%,LTR-DQN,40,1.3970023708175683,2017324498.0,,a52e50841332670b58272f65f9c33b06aad47f85df3f3681bdf46581f758cb95
Main,0.8,80%,LambdaMART,54,-0.18528260357959203,,,a52e50841332670b58272f65f9c33b06aad47f85df3f3681bdf46581f758cb95
Main,0.8,80%,LTR-DQN,54,0.12644291259669038,1933412357.0,,a52e50841332670b58272f65f9c33b06aad47f85df3f3681bdf46581f758cb95
Main,0.8,80%,LambdaMART,71,1.5172826238259782,,,a52e50841332670b58272f65f9c33b06aad47f85df3f3681bdf46581f758cb95
Main,0.8,80%,LTR-DQN,71,2.0172778052642824,1920267035.0,,a52e50841332670b58272f65f9c33b06aad47f85df3f3681bdf46581f758cb95
Main,0.8,80%,LambdaMART,114,1.3037536082574048,,,a52e50841332670b58272f65f9c33b06aad47f85df3f3681bdf46581f758cb95
Main,0.8,80%,LTR-DQN,114,1.649935037755133,360715776.0,,a52e50841332670b58272f65f9c33b06aad47f85df3f3681bdf46581f758cb95
Main,0.8,80%,LambdaMART,132,0.8745332463589688,,,a52e50841332670b58272f65f9c33b06aad47f85df3f3681bdf46581f758cb95
Main,0.8,80%,LTR-DQN,132,1.7311336028759907,1260086534.0,,a52e50841332670b58272f65f9c33b06aad47f85df3f3681bdf46581f758cb95
Main,0.8,80%,LambdaMART,140,1.3976453675989053,,,a52e50841332670b58272f65f9c33b06aad47f85df3f3681bdf46581f758cb95
Main,0.8,80%,LTR-DQN,140,3.04180523938314,1152516921.0,,a52e50841332670b58272f65f9c33b06aad47f85df3f3681bdf46581f758cb95
Main,0.8,80%,LambdaMART,148,2.2068718596263284,,,a52e50841332670b58272f65f9c33b06aad47f85df3f3681bdf46581f758cb95
Main,0.8,80%,LTR-DQN,148,3.005517290874212,1816851658.0,,a52e50841332670b58272f65f9c33b06aad47f85df3f3681bdf46581f758cb95
Main,0.8,80%,LambdaMART,150,3.6200297915488306,,,a52e50841332670b58272f65f9c33b06aad47f85df3f3681bdf46581f758cb95
Main,0.8,80%,LTR-DQN,150,5.869019414796322,343958328.0,,a52e50841332670b58272f65f9c33b06aad47f85df3f3681bdf46581f758cb95
Main,0.8,80%,LambdaMART,155,0.11493342933264272,,,a52e50841332670b58272f65f9c33b06aad47f85df3f3681bdf46581f758cb95
Main,0.8,80%,LTR-DQN,155,0.5223162807396537,565272497.0,,a52e50841332670b58272f65f9c33b06aad47f85df3f3681bdf46581f758cb95
Main,0.8,80%,LambdaMART,161,0.7604948567709626,,,a52e50841332670b58272f65f9c33b06aad47f85df3f3681bdf46581f758cb95
Main,0.8,80%,LTR-DQN,161,1.328550725241462,382592157.0,,a52e50841332670b58272f65f9c33b06aad47f85df3f3681bdf46581f758cb95
Main,0.8,80%,LambdaMART,167,0.4564910755543896,,,a52e50841332670b58272f65f9c33b06aad47f85df3f3681bdf46581f758cb95
Main,0.8,80%,LTR-DQN,167,0.4559801211726986,46084156.0,,a52e50841332670b58272f65f9c33b06aad47f85df3f3681bdf46581f758cb95
Main,0.8,80%,LambdaMART,180,1.3420303538047285,,,a52e50841332670b58272f65f9c33b06aad47f85df3f3681bdf46581f758cb95
Main,0.8,80%,LTR-DQN,180,1.72874523114587,1217089870.0,,a52e50841332670b58272f65f9c33b06aad47f85df3f3681bdf46581f758cb95
Main,0.8,80%,LambdaMART,181,0.5551199160220883,,,a52e50841332670b58272f65f9c33b06aad47f85df3f3681bdf46581f758cb95
Main,0.8,80%,LTR-DQN,181,1.1603956014395402,520837481.0,,a52e50841332670b58272f65f9c33b06aad47f85df3f3681bdf46581f758cb95
Main,0.8,80%,LambdaMART,197,1.7641744108686432,,,a52e50841332670b58272f65f9c33b06aad47f85df3f3681bdf46581f758cb95
Main,0.8,80%,LTR-DQN,197,2.822176702334849,530486995.0,,a52e50841332670b58272f65f9c33b06aad47f85df3f3681bdf46581f758cb95
Main,0.8,80%,LambdaMART,203,1.9550320927519773,,,a52e50841332670b58272f65f9c33b06aad47f85df3f3681bdf46581f758cb95
Main,0.8,80%,LTR-DQN,203,2.569352132419877,2124231360.0,,a52e50841332670b58272f65f9c33b06aad47f85df3f3681bdf46581f758cb95
Main,0.8,80%,LambdaMART,204,0.26563927669796006,,,a52e50841332670b58272f65f9c33b06aad47f85df3f3681bdf46581f758cb95
Main,0.8,80%,LTR-DQN,204,1.429830152860391,1556872554.0,,a52e50841332670b58272f65f9c33b06aad47f85df3f3681bdf46581f758cb95
Main,0.8,80%,LambdaMART,222,1.0325915132663552,,,a52e50841332670b58272f65f9c33b06aad47f85df3f3681bdf46581f758cb95
Main,0.8,80%,LTR-DQN,222,1.5482760268104276,173371597.0,,a52e50841332670b58272f65f9c33b06aad47f85df3f3681bdf46581f758cb95
Main,0.8,80%,LambdaMART,227,0.43976960607765236,,,a52e50841332670b58272f65f9c33b06aad47f85df3f3681bdf46581f758cb95
Main,0.8,80%,LTR-DQN,227,0.8775741761802236,65316188.0,,a52e50841332670b58272f65f9c33b06aad47f85df3f3681bdf46581f758cb95
Main,0.9,90%,LambdaRank,2,0.9529402154362967,,,a52e50841332670b58272f65f9c33b06aad47f85df3f3681bdf46581f758cb95
Main,0.9,90%,LambdaRank,18,0.95943531438752,,,a52e50841332670b58272f65f9c33b06aad47f85df3f3681bdf46581f758cb95
Main,0.9,90%,LambdaRank,23,1.9336388260386985,,,a52e50841332670b58272f65f9c33b06aad47f85df3f3681bdf46581f758cb95
Main,0.9,90%,LambdaRank,28,0.10404457049573534,,,a52e50841332670b58272f65f9c33b06aad47f85df3f3681bdf46581f758cb95
Main,0.9,90%,LambdaRank,36,0.4812899251467153,,,a52e50841332670b58272f65f9c33b06aad47f85df3f3681bdf46581f758cb95
Main,0.9,90%,LambdaRank,62,1.1498928921305152,,,a52e50841332670b58272f65f9c33b06aad47f85df3f3681bdf46581f758cb95
Main,0.9,90%,LambdaRank,72,1.275744159019423,,,a52e50841332670b58272f65f9c33b06aad47f85df3f3681bdf46581f758cb95
Main,0.9,90%,LambdaRank,79,0.8802654594309023,,,a52e50841332670b58272f65f9c33b06aad47f85df3f3681bdf46581f758cb95
Main,0.9,90%,LambdaRank,82,1.0935649170189907,,,a52e50841332670b58272f65f9c33b06aad47f85df3f3681bdf46581f758cb95
Main,0.9,90%,LambdaRank,84,1.1276879483957916,,,a52e50841332670b58272f65f9c33b06aad47f85df3f3681bdf46581f758cb95
Main,0.9,90%,LambdaRank,99,0.5219206721023881,,,a52e50841332670b58272f65f9c33b06aad47f85df3f3681bdf46581f758cb95
Main,0.9,90%,LambdaRank,104,0.45709983277823163,,,a52e50841332670b58272f65f9c33b06aad47f85df3f3681bdf46581f758cb95
Main,0.9,90%,LambdaRank,109,1.4320811532590585,,,a52e50841332670b58272f65f9c33b06aad47f85df3f3681bdf46581f758cb95
Main,0.9,90%,LambdaRank,110,-0.009144637239378195,,,a52e50841332670b58272f65f9c33b06aad47f85df3f3681bdf46581f758cb95
Main,0.9,90%,LambdaRank,123,1.2296689963914678,,,a52e50841332670b58272f65f9c33b06aad47f85df3f3681bdf46581f758cb95
Main,0.9,90%,LambdaRank,125,1.4425342507150183,,,a52e50841332670b58272f65f9c33b06aad47f85df3f3681bdf46581f758cb95
Main,0.9,90%,LambdaRank,129,0.9616684132390096,,,a52e50841332670b58272f65f9c33b06aad47f85df3f3681bdf46581f758cb95
Main,0.9,90%,LambdaRank,131,2.1626331530865954,,,a52e50841332670b58272f65f9c33b06aad47f85df3f3681bdf46581f758cb95
Main,0.9,90%,LambdaRank,137,1.0132801618090492,,,a52e50841332670b58272f65f9c33b06aad47f85df3f3681bdf46581f758cb95
Main,0.9,90%,LambdaRank,144,1.8090696850511212,,,a52e50841332670b58272f65f9c33b06aad47f85df3f3681bdf46581f758cb95
Main,0.9,90%,LambdaMART,36,0.8996723457522022,,,a52e50841332670b58272f65f9c33b06aad47f85df3f3681bdf46581f758cb95
Main,0.9,90%,LTR-DQN,36,1.8383152107883416,1284621583.0,,a52e50841332670b58272f65f9c33b06aad47f85df3f3681bdf46581f758cb95
Main,0.9,90%,LambdaMART,132,1.6660243415169522,,,a52e50841332670b58272f65f9c33b06aad47f85df3f3681bdf46581f758cb95
Main,0.9,90%,LTR-DQN,132,2.7687908368690044,952962062.0,,a52e50841332670b58272f65f9c33b06aad47f85df3f3681bdf46581f758cb95
Main,0.9,90%,LambdaMART,142,0.7756433204787347,,,a52e50841332670b58272f65f9c33b06aad47f85df3f3681bdf46581f758cb95
Main,0.9,90%,LTR-DQN,142,1.6532258328405502,1084436676.0,,a52e50841332670b58272f65f9c33b06aad47f85df3f3681bdf46581f758cb95
Main,0.9,90%,LambdaMART,193,2.126149877529891,,,a52e50841332670b58272f65f9c33b06aad47f85df3f3681bdf46581f758cb95
Main,0.9,90%,LTR-DQN,193,2.8462972480095936,1750704041.0,,a52e50841332670b58272f65f9c33b06aad47f85df3f3681bdf46581f758cb95
Main,0.9,90%,LambdaMART,197,2.3363254393756723,,,a52e50841332670b58272f65f9c33b06aad47f85df3f3681bdf46581f758cb95
Main,0.9,90%,LTR-DQN,197,2.3368029205030916,840847168.0,,a52e50841332670b58272f65f9c33b06aad47f85df3f3681bdf46581f758cb95
Main,0.9,90%,LambdaMART,204,0.8664491388423892,,,a52e50841332670b58272f65f9c33b06aad47f85df3f3681bdf46581f758cb95
Main,0.9,90%,LTR-DQN,204,1.6924962922488853,556577867.0,,a52e50841332670b58272f65f9c33b06aad47f85df3f3681bdf46581f758cb95
Main,0.9,90%,LambdaMART,237,0.4252265411999214,,,a52e50841332670b58272f65f9c33b06aad47f85df3f3681bdf46581f758cb95
Main,0.9,90%,LTR-DQN,237,0.7607533032521612,569280259.0,,a52e50841332670b58272f65f9c33b06aad47f85df3f3681bdf46581f758cb95
Main,0.9,90%,LambdaMART,289,0.2866748413414655,,,a52e50841332670b58272f65f9c33b06aad47f85df3f3681bdf46581f758cb95
Main,0.9,90%,LTR-DQN,289,0.5538683360981691,9795449.0,,a52e50841332670b58272f65f9c33b06aad47f85df3f3681bdf46581f758cb95
Main,0.9,90%,LambdaMART,295,0.8904836975545969,,,a52e50841332670b58272f65f9c33b06aad47f85df3f3681bdf46581f758cb95
Main,0.9,90%,LTR-DQN,295,1.5200553475836678,986298332.0,,a52e50841332670b58272f65f9c33b06aad47f85df3f3681bdf46581f758cb95
Main,0.9,90%,LambdaMART,340,0.39795823261101915,,,a52e50841332670b58272f65f9c33b06aad47f85df3f3681bdf46581f758cb95
Main,0.9,90%,LTR-DQN,340,0.6871937845582659,631912030.0,,a52e50841332670b58272f65f9c33b06aad47f85df3f3681bdf46581f758cb95
Main,0.9,90%,LambdaMART,398,2.114298321325732,,,a52e50841332670b58272f65f9c33b06aad47f85df3f3681bdf46581f758cb95
Main,0.9,90%,LTR-DQN,398,3.275565249571307,410660040.0,,a52e50841332670b58272f65f9c33b06aad47f85df3f3681bdf46581f758cb95
Main,0.9,90%,LambdaMART,434,1.5735940510346458,,,a52e50841332670b58272f65f9c33b06aad47f85df3f3681bdf46581f758cb95
Main,0.9,90%,LTR-DQN,434,2.583685551295062,1481186546.0,,a52e50841332670b58272f65f9c33b06aad47f85df3f3681bdf46581f758cb95
Main,0.9,90%,LambdaMART,510,1.3250362855819677,,,a52e50841332670b58272f65f9c33b06aad47f85df3f3681bdf46581f758cb95
Main,0.9,90%,LTR-DQN,510,2.9243144205877667,1537575354.0,,a52e50841332670b58272f65f9c33b06aad47f85df3f3681bdf46581f758cb95
Main,0.9,90%,LambdaMART,516,1.0179885082337559,,,a52e50841332670b58272f65f9c33b06aad47f85df3f3681bdf46581f758cb95
Main,0.9,90%,LTR-DQN,516,1.8628430504660227,357658174.0,,a52e50841332670b58272f65f9c33b06aad47f85df3f3681bdf46581f758cb95
Main,0.9,90%,LambdaMART,1018,1.43654327775306,,,a52e50841332670b58272f65f9c33b06aad47f85df3f3681bdf46581f758cb95
Main,0.9,90%,LTR-DQN,1018,3.0402536613279922,628604109.0,,a52e50841332670b58272f65f9c33b06aad47f85df3f3681bdf46581f758cb95
Main,0.9,90%,LambdaMART,1021,0.7923745221471985,,,a52e50841332670b58272f65f9c33b06aad47f85df3f3681bdf46581f758cb95
Main,0.9,90%,LTR-DQN,1021,1.7061343382209908,795144549.0,,a52e50841332670b58272f65f9c33b06aad47f85df3f3681bdf46581f758cb95
Main,0.9,90%,LambdaMART,1027,1.708945729426587,,,a52e50841332670b58272f65f9c33b06aad47f85df3f3681bdf46581f758cb95
Main,0.9,90%,LTR-DQN,1027,3.1216292358245603,1783839301.0,,a52e50841332670b58272f65f9c33b06aad47f85df3f3681bdf46581f758cb95
Main,0.9,90%,LambdaMART,1038,0.10156915808620726,,,a52e50841332670b58272f65f9c33b06aad47f85df3f3681bdf46581f758cb95
Main,0.9,90%,LTR-DQN,1038,0.48094541225898,171962506.0,,a52e50841332670b58272f65f9c33b06aad47f85df3f3681bdf46581f758cb95
Main,0.9,90%,LambdaMART,1050,0.7678706609583013,,,a52e50841332670b58272f65f9c33b06aad47f85df3f3681bdf46581f758cb95
Main,0.9,90%,LTR-DQN,1050,1.2032843560604296,1884262612.0,,a52e50841332670b58272f65f9c33b06aad47f85df3f3681bdf46581f758cb95
Main,0.9,90%,LambdaMART,1076,1.383275268191103,,,a52e50841332670b58272f65f9c33b06aad47f85df3f3681bdf46581f758cb95
Main,0.9,90%,LTR-DQN,1076,2.895978275426125,275813463.0,,a52e50841332670b58272f65f9c33b06aad47f85df3f3681bdf46581f758cb95
ChiNext,0.5,50%,LambdaRank,14,0.290817770320857,,,a52e50841332670b58272f65f9c33b06aad47f85df3f3681bdf46581f758cb95
ChiNext,0.5,50%,LambdaRank,15,-0.6212165585100017,,,a52e50841332670b58272f65f9c33b06aad47f85df3f3681bdf46581f758cb95
ChiNext,0.5,50%,LambdaRank,20,0.4162183398471262,,,a52e50841332670b58272f65f9c33b06aad47f85df3f3681bdf46581f758cb95
ChiNext,0.5,50%,LambdaRank,27,0.15492958986182814,,,a52e50841332670b58272f65f9c33b06aad47f85df3f3681bdf46581f758cb95
ChiNext,0.5,50%,LambdaRank,52,0.3872908052600439,,,a52e50841332670b58272f65f9c33b06aad47f85df3f3681bdf46581f758cb95
ChiNext,0.5,50%,LambdaRank,59,-0.39492179375388525,,,a52e50841332670b58272f65f9c33b06aad47f85df3f3681bdf46581f758cb95
ChiNext,0.5,50%,LambdaRank,61,-0.1433154347323753,,,a52e50841332670b58272f65f9c33b06aad47f85df3f3681bdf46581f758cb95
ChiNext,0.5,50%,LambdaRank,64,0.1818715185296409,,,a52e50841332670b58272f65f9c33b06aad47f85df3f3681bdf46581f758cb95
ChiNext,0.5,50%,LambdaRank,71,0.3235597399993855,,,a52e50841332670b58272f65f9c33b06aad47f85df3f3681bdf46581f758cb95
ChiNext,0.5,50%,LambdaRank,74,6.7433769374634664,,,a52e50841332670b58272f65f9c33b06aad47f85df3f3681bdf46581f758cb95
ChiNext,0.5,50%,LambdaRank,78,-0.001301272227189454,,,a52e50841332670b58272f65f9c33b06aad47f85df3f3681bdf46581f758cb95
ChiNext,0.5,50%,LambdaRank,88,-0.6156200734551769,,,a52e50841332670b58272f65f9c33b06aad47f85df3f3681bdf46581f758cb95
ChiNext,0.5,50%,LambdaRank,89,0.1810601132140417,,,a52e50841332670b58272f65f9c33b06aad47f85df3f3681bdf46581f758cb95
ChiNext,0.5,50%,LambdaRank,90,-0.005402511536167998,,,a52e50841332670b58272f65f9c33b06aad47f85df3f3681bdf46581f758cb95
ChiNext,0.5,50%,LambdaRank,101,0.38970484377034964,,,a52e50841332670b58272f65f9c33b06aad47f85df3f3681bdf46581f758cb95
ChiNext,0.5,50%,LambdaRank,107,-0.4854867670661188,,,a52e50841332670b58272f65f9c33b06aad47f85df3f3681bdf46581f758cb95
ChiNext,0.5,50%,LambdaRank,108,-0.009933681485590151,,,a52e50841332670b58272f65f9c33b06aad47f85df3f3681bdf46581f758cb95
ChiNext,0.5,50%,LambdaRank,112,0.22265232576365102,,,a52e50841332670b58272f65f9c33b06aad47f85df3f3681bdf46581f758cb95
ChiNext,0.5,50%,LambdaRank,123,-0.15773173543593866,,,a52e50841332670b58272f65f9c33b06aad47f85df3f3681bdf46581f758cb95
ChiNext,0.5,50%,LambdaRank,130,0.30552255265074946,,,a52e50841332670b58272f65f9c33b06aad47f85df3f3681bdf46581f758cb95
ChiNext,0.5,50%,LambdaMART,12,-0.7370532171418969,,,a52e50841332670b58272f65f9c33b06aad47f85df3f3681bdf46581f758cb95
ChiNext,0.5,50%,LTR-DQN,12,-0.7717612831099875,1370134292.0,,a52e50841332670b58272f65f9c33b06aad47f85df3f3681bdf46581f758cb95
ChiNext,0.5,50%,LambdaMART,19,-0.23577835862778307,,,a52e50841332670b58272f65f9c33b06aad47f85df3f3681bdf46581f758cb95
ChiNext,0.5,50%,LTR-DQN,19,0.0032931102821034397,1002649107.0,,a52e50841332670b58272f65f9c33b06aad47f85df3f3681bdf46581f758cb95
ChiNext,0.5,50%,LambdaMART,21,-0.48728059792847533,,,a52e50841332670b58272f65f9c33b06aad47f85df3f3681bdf46581f758cb95
ChiNext,0.5,50%,LTR-DQN,21,-0.1790694283331864,1964215710.0,,a52e50841332670b58272f65f9c33b06aad47f85df3f3681bdf46581f758cb95
ChiNext,0.5,50%,LambdaMART,23,0.7230928536424912,,,a52e50841332670b58272f65f9c33b06aad47f85df3f3681bdf46581f758cb95
ChiNext,0.5,50%,LTR-DQN,23,1.3280461423112633,1165368502.0,,a52e50841332670b58272f65f9c33b06aad47f85df3f3681bdf46581f758cb95
ChiNext,0.5,50%,LambdaMART,32,0.17997562913375642,,,a52e50841332670b58272f65f9c33b06aad47f85df3f3681bdf46581f758cb95
ChiNext,0.5,50%,LTR-DQN,32,-0.009168416961149894,308104437.0,,a52e50841332670b58272f65f9c33b06aad47f85df3f3681bdf46581f758cb95
ChiNext,0.5,50%,LambdaMART,34,-0.30121945868165023,,,a52e50841332670b58272f65f9c33b06aad47f85df3f3681bdf46581f758cb95
ChiNext,0.5,50%,LTR-DQN,34,1.0581496488891209,1016970410.0,,a52e50841332670b58272f65f9c33b06aad47f85df3f3681bdf46581f758cb95
ChiNext,0.5,50%,LambdaMART,36,-0.8374180411474547,,,a52e50841332670b58272f65f9c33b06aad47f85df3f3681bdf46581f758cb95
ChiNext,0.5,50%,LTR-DQN,36,-0.7957843401424805,1560978608.0,,a52e50841332670b58272f65f9c33b06aad47f85df3f3681bdf46581f758cb95
ChiNext,0.5,50%,LambdaMART,39,2.883226062344357,,,a52e50841332670b58272f65f9c33b06aad47f85df3f3681bdf46581f758cb95
ChiNext,0.5,50%,LTR-DQN,39,5.454556215360515,1512791264.0,,a52e50841332670b58272f65f9c33b06aad47f85df3f3681bdf46581f758cb95
ChiNext,0.5,50%,LambdaMART,44,-0.18158758029574507,,,a52e50841332670b58272f65f9c33b06aad47f85df3f3681bdf46581f758cb95
ChiNext,0.5,50%,LTR-DQN,44,-0.4172839751717494,1151822198.0,,a52e50841332670b58272f65f9c33b06aad47f85df3f3681bdf46581f758cb95
ChiNext,0.5,50%,LambdaMART,47,-0.030353046537778816,,,a52e50841332670b58272f65f9c33b06aad47f85df3f3681bdf46581f758cb95
ChiNext,0.5,50%,LTR-DQN,47,0.21376122868196634,1393071684.0,,a52e50841332670b58272f65f9c33b06aad47f85df3f3681bdf46581f758cb95
ChiNext,0.5,50%,LambdaMART,51,-0.12127582595335151,,,a52e50841332670b58272f65f9c33b06aad47f85df3f3681bdf46581f758cb95
ChiNext,0.5,50%,LTR-DQN,51,0.5372852944960782,1159912687.0,,a52e50841332670b58272f65f9c33b06aad47f85df3f3681bdf46581f758cb95
ChiNext,0.5,50%,LambdaMART,53,2.821638293465681,,,a52e50841332670b58272f65f9c33b06aad47f85df3f3681bdf46581f758cb95
ChiNext,0.5,50%,LTR-DQN,53,2.1197691633119398,1216631962.0,,a52e50841332670b58272f65f9c33b06aad47f85df3f3681bdf46581f758cb95
ChiNext,0.5,50%,LambdaMART,76,-0.7795361088456448,,,a52e50841332670b58272f65f9c33b06aad47f85df3f3681bdf46581f758cb95
ChiNext,0.5,50%,LTR-DQN,76,-0.6919881185994582,2041065228.0,,a52e50841332670b58272f65f9c33b06aad47f85df3f3681bdf46581f758cb95
ChiNext,0.5,50%,LambdaMART,77,0.27523755808319983,,,a52e50841332670b58272f65f9c33b06aad47f85df3f3681bdf46581f758cb95
ChiNext,0.5,50%,LTR-DQN,77,0.2815642286934472,715834519.0,,a52e50841332670b58272f65f9c33b06aad47f85df3f3681bdf46581f758cb95
ChiNext,0.5,50%,LambdaMART,94,-0.4329205598561904,,,a52e50841332670b58272f65f9c33b06aad47f85df3f3681bdf46581f758cb95
ChiNext,0.5,50%,LTR-DQN,94,-0.022028846076890596,1439929252.0,,a52e50841332670b58272f65f9c33b06aad47f85df3f3681bdf46581f758cb95
ChiNext,0.5,50%,LambdaMART,96,4.006275384609119,,,a52e50841332670b58272f65f9c33b06aad47f85df3f3681bdf46581f758cb95
ChiNext,0.5,50%,LTR-DQN,96,3.3936550151390446,1852334621.0,,a52e50841332670b58272f65f9c33b06aad47f85df3f3681bdf46581f758cb95
ChiNext,0.5,50%,LambdaMART,100,-0.7114305171919466,,,a52e50841332670b58272f65f9c33b06aad47f85df3f3681bdf46581f758cb95
ChiNext,0.5,50%,LTR-DQN,100,-0.7158349349000757,127626911.0,,a52e50841332670b58272f65f9c33b06aad47f85df3f3681bdf46581f758cb95
ChiNext,0.5,50%,LambdaMART,101,-0.2607001168273816,,,a52e50841332670b58272f65f9c33b06aad47f85df3f3681bdf46581f758cb95
ChiNext,0.5,50%,LTR-DQN,101,-0.07019844408230824,95259990.0,,a52e50841332670b58272f65f9c33b06aad47f85df3f3681bdf46581f758cb95
ChiNext,0.5,50%,LambdaMART,105,-0.2796455198388992,,,a52e50841332670b58272f65f9c33b06aad47f85df3f3681bdf46581f758cb95
ChiNext,0.5,50%,LTR-DQN,105,-0.34856848077498215,694807112.0,,a52e50841332670b58272f65f9c33b06aad47f85df3f3681bdf46581f758cb95
ChiNext,0.5,50%,LambdaMART,131,-0.18074485689238695,,,a52e50841332670b58272f65f9c33b06aad47f85df3f3681bdf46581f758cb95
ChiNext,0.5,50%,LTR-DQN,131,-0.16613249388960316,1928971597.0,,a52e50841332670b58272f65f9c33b06aad47f85df3f3681bdf46581f758cb95
ChiNext,0.6,60%,LambdaRank,2,1.6234064387690874,,,a52e50841332670b58272f65f9c33b06aad47f85df3f3681bdf46581f758cb95
ChiNext,0.6,60%,LambdaRank,4,0.9119607534722722,,,a52e50841332670b58272f65f9c33b06aad47f85df3f3681bdf46581f758cb95
ChiNext,0.6,60%,LambdaRank,14,0.38405523569112354,,,a52e50841332670b58272f65f9c33b06aad47f85df3f3681bdf46581f758cb95
ChiNext,0.6,60%,LambdaRank,15,-0.5879602931498857,,,a52e50841332670b58272f65f9c33b06aad47f85df3f3681bdf46581f758cb95
ChiNext,0.6,60%,LambdaRank,16,-0.00311017298337668,,,a52e50841332670b58272f65f9c33b06aad47f85df3f3681bdf46581f758cb95
ChiNext,0.6,60%,LambdaRank,27,-0.034577229179185376,,,a52e50841332670b58272f65f9c33b06aad47f85df3f3681bdf46581f758cb95
ChiNext,0.6,60%,LambdaRank,35,-0.34018590146096883,,,a52e50841332670b58272f65f9c33b06aad47f85df3f3681bdf46581f758cb95
ChiNext,0.6,60%,LambdaRank,37,1.1582608681477526,,,a52e50841332670b58272f65f9c33b06aad47f85df3f3681bdf46581f758cb95
ChiNext,0.6,60%,LambdaRank,39,0.11401570047898679,,,a52e50841332670b58272f65f9c33b06aad47f85df3f3681bdf46581f758cb95
ChiNext,0.6,60%,LambdaRank,42,2.6697221631047507,,,a52e50841332670b58272f65f9c33b06aad47f85df3f3681bdf46581f758cb95
ChiNext,0.6,60%,LambdaRank,43,-0.7309705798142756,,,a52e50841332670b58272f65f9c33b06aad47f85df3f3681bdf46581f758cb95
ChiNext,0.6,60%,LambdaRank,44,-0.393079172680984,,,a52e50841332670b58272f65f9c33b06aad47f85df3f3681bdf46581f758cb95
ChiNext,0.6,60%,LambdaRank,56,-0.6438195757813694,,,a52e50841332670b58272f65f9c33b06aad47f85df3f3681bdf46581f758cb95
ChiNext,0.6,60%,LambdaRank,59,-0.2507041114116273,,,a52e50841332670b58272f65f9c33b06aad47f85df3f3681bdf46581f758cb95
ChiNext,0.6,60%,LambdaRank,73,-0.27951027240733317,,,a52e50841332670b58272f65f9c33b06aad47f85df3f3681bdf46581f758cb95
ChiNext,0.6,60%,LambdaRank,91,2.9760333286025835,,,a52e50841332670b58272f65f9c33b06aad47f85df3f3681bdf46581f758cb95
ChiNext,0.6,60%,LambdaRank,95,0.05890720533529392,,,a52e50841332670b58272f65f9c33b06aad47f85df3f3681bdf46581f758cb95
ChiNext,0.6,60%,LambdaRank,102,-0.7648387675918835,,,a52e50841332670b58272f65f9c33b06aad47f85df3f3681bdf46581f758cb95
ChiNext,0.6,60%,LambdaRank,103,0.7596417167418439,,,a52e50841332670b58272f65f9c33b06aad47f85df3f3681bdf46581f758cb95
ChiNext,0.6,60%,LambdaRank,107,-0.48764943991537546,,,a52e50841332670b58272f65f9c33b06aad47f85df3f3681bdf46581f758cb95
ChiNext,0.6,60%,LambdaMART,3,-0.3812443231075606,,,a52e50841332670b58272f65f9c33b06aad47f85df3f3681bdf46581f758cb95
ChiNext,0.6,60%,LTR-DQN,3,-0.617156950824431,971280515.0,,a52e50841332670b58272f65f9c33b06aad47f85df3f3681bdf46581f758cb95
ChiNext,0.6,60%,LambdaMART,11,-0.6140826878359678,,,a52e50841332670b58272f65f9c33b06aad47f85df3f3681bdf46581f758cb95
ChiNext,0.6,60%,LTR-DQN,11,-0.5714032291630169,1301183155.0,,a52e50841332670b58272f65f9c33b06aad47f85df3f3681bdf46581f758cb95
ChiNext,0.6,60%,LambdaMART,16,0.7047126840491809,,,a52e50841332670b58272f65f9c33b06aad47f85df3f3681bdf46581f758cb95
ChiNext,0.6,60%,LTR-DQN,16,1.1977346762123773,1336006421.0,,a52e50841332670b58272f65f9c33b06aad47f85df3f3681bdf46581f758cb95
ChiNext,0.6,60%,LambdaMART,19,-0.17307049106329575,,,a52e50841332670b58272f65f9c33b06aad47f85df3f3681bdf46581f758cb95
ChiNext,0.6,60%,LTR-DQN,19,0.0126426787356686,849540145.0,,a52e50841332670b58272f65f9c33b06aad47f85df3f3681bdf46581f758cb95
ChiNext,0.6,60%,LambdaMART,22,-0.582558431748434,,,a52e50841332670b58272f65f9c33b06aad47f85df3f3681bdf46581f758cb95
ChiNext,0.6,60%,LTR-DQN,22,-0.23016572687115955,652713711.0,,a52e50841332670b58272f65f9c33b06aad47f85df3f3681bdf46581f758cb95
ChiNext,0.6,60%,LambdaMART,27,-0.6168859110175666,,,a52e50841332670b58272f65f9c33b06aad47f85df3f3681bdf46581f758cb95
ChiNext,0.6,60%,LTR-DQN,27,-0.6460600210957259,1696980497.0,,a52e50841332670b58272f65f9c33b06aad47f85df3f3681bdf46581f758cb95
ChiNext,0.6,60%,LambdaMART,30,0.9429578284498639,,,a52e50841332670b58272f65f9c33b06aad47f85df3f3681bdf46581f758cb95
ChiNext,0.6,60%,LTR-DQN,30,2.8871889639301167,1566945636.0,,a52e50841332670b58272f65f9c33b06aad47f85df3f3681bdf46581f758cb95
ChiNext,0.6,60%,LambdaMART,31,0.8357153278883682,,,a52e50841332670b58272f65f9c33b06aad47f85df3f3681bdf46581f758cb95
ChiNext,0.6,60%,LTR-DQN,31,1.6896151303929567,1957872861.0,,a52e50841332670b58272f65f9c33b06aad47f85df3f3681bdf46581f758cb95
ChiNext,0.6,60%,LambdaMART,37,5.086954902463696,,,a52e50841332670b58272f65f9c33b06aad47f85df3f3681bdf46581f758cb95
ChiNext,0.6,60%,LTR-DQN,37,2.7352763504657447,1007287494.0,,a52e50841332670b58272f65f9c33b06aad47f85df3f3681bdf46581f758cb95
ChiNext,0.6,60%,LambdaMART,38,-0.0712321274084382,,,a52e50841332670b58272f65f9c33b06aad47f85df3f3681bdf46581f758cb95
ChiNext,0.6,60%,LTR-DQN,38,-0.570525874635474,216032310.0,,a52e50841332670b58272f65f9c33b06aad47f85df3f3681bdf46581f758cb95
ChiNext,0.6,60%,LambdaMART,40,-0.6832883284162055,,,a52e50841332670b58272f65f9c33b06aad47f85df3f3681bdf46581f758cb95
ChiNext,0.6,60%,LTR-DQN,40,-0.5805957718699684,863565867.0,,a52e50841332670b58272f65f9c33b06aad47f85df3f3681bdf46581f758cb95
ChiNext,0.6,60%,LambdaMART,42,1.5737638689337006,,,a52e50841332670b58272f65f9c33b06aad47f85df3f3681bdf46581f758cb95
ChiNext,0.6,60%,LTR-DQN,42,4.02961845408422,433847147.0,,a52e50841332670b58272f65f9c33b06aad47f85df3f3681bdf46581f758cb95
ChiNext,0.6,60%,LambdaMART,47,-0.06254405105882221,,,a52e50841332670b58272f65f9c33b06aad47f85df3f3681bdf46581f758cb95
ChiNext,0.6,60%,LTR-DQN,47,0.2121182826908472,1583449470.0,,a52e50841332670b58272f65f9c33b06aad47f85df3f3681bdf46581f758cb95
ChiNext,0.6,60%,LambdaMART,48,-0.38996001609968534,,,a52e50841332670b58272f65f9c33b06aad47f85df3f3681bdf46581f758cb95
ChiNext,0.6,60%,LTR-DQN,48,-0.3090591972362582,1516734726.0,,a52e50841332670b58272f65f9c33b06aad47f85df3f3681bdf46581f758cb95
ChiNext,0.6,60%,LambdaMART,53,1.9239572116117016,,,a52e50841332670b58272f65f9c33b06aad47f85df3f3681bdf46581f758cb95
ChiNext,0.6,60%,LTR-DQN,53,1.743193330335144,1363972009.0,,a52e50841332670b58272f65f9c33b06aad47f85df3f3681bdf46581f758cb95
ChiNext,0.6,60%,LambdaMART,60,-0.444894234012823,,,a52e50841332670b58272f65f9c33b06aad47f85df3f3681bdf46581f758cb95
ChiNext,0.6,60%,LTR-DQN,60,0.02377975671965671,51476323.0,,a52e50841332670b58272f65f9c33b06aad47f85df3f3681bdf46581f758cb95
ChiNext,0.6,60%,LambdaMART,61,-0.3547162434051945,,,a52e50841332670b58272f65f9c33b06aad47f85df3f3681bdf46581f758cb95
ChiNext,0.6,60%,LTR-DQN,61,-0.4051692922085536,1641487949.0,,a52e50841332670b58272f65f9c33b06aad47f85df3f3681bdf46581f758cb95
ChiNext,0.6,60%,LambdaMART,75,-0.3957329774837073,,,a52e50841332670b58272f65f9c33b06aad47f85df3f3681bdf46581f758cb95
ChiNext,0.6,60%,LTR-DQN,75,-0.3171480359465063,433736619.0,,a52e50841332670b58272f65f9c33b06aad47f85df3f3681bdf46581f758cb95
ChiNext,0.6,60%,LambdaMART,90,-0.46224442500329666,,,a52e50841332670b58272f65f9c33b06aad47f85df3f3681bdf46581f758cb95
ChiNext,0.6,60%,LTR-DQN,90,-0.12309270093241753,539407268.0,,a52e50841332670b58272f65f9c33b06aad47f85df3f3681bdf46581f758cb95
ChiNext,0.6,60%,LambdaMART,94,-0.3565068987444221,,,a52e50841332670b58272f65f9c33b06aad47f85df3f3681bdf46581f758cb95
ChiNext,0.6,60%,LTR-DQN,94,-0.011282991201092218,945174813.0,,a52e50841332670b58272f65f9c33b06aad47f85df3f3681bdf46581f758cb95
ChiNext,0.7,70%,LambdaRank,7,0.4090189755371967,,,a52e50841332670b58272f65f9c33b06aad47f85df3f3681bdf46581f758cb95
ChiNext,0.7,70%,LambdaRank,18,-0.07740367020218064,,,a52e50841332670b58272f65f9c33b06aad47f85df3f3681bdf46581f758cb95
ChiNext,0.7,70%,LambdaRank,20,0.8279246496463253,,,a52e50841332670b58272f65f9c33b06aad47f85df3f3681bdf46581f758cb95
ChiNext,0.7,70%,LambdaRank,25,0.11819315613947556,,,a52e50841332670b58272f65f9c33b06aad47f85df3f3681bdf46581f758cb95
ChiNext,0.7,70%,LambdaRank,26,-0.38906367976801537,,,a52e50841332670b58272f65f9c33b06aad47f85df3f3681bdf46581f758cb95
ChiNext,0.7,70%,LambdaRank,42,0.8822081774115118,,,a52e50841332670b58272f65f9c33b06aad47f85df3f3681bdf46581f758cb95
ChiNext,0.7,70%,LambdaRank,47,1.6947092151856156,,,a52e50841332670b58272f65f9c33b06aad47f85df3f3681bdf46581f758cb95
ChiNext,0.7,70%,LambdaRank,51,0.42288439761619867,,,a52e50841332670b58272f65f9c33b06aad47f85df3f3681bdf46581f758cb95
ChiNext,0.7,70%,LambdaRank,54,-0.5935305003482703,,,a52e50841332670b58272f65f9c33b06aad47f85df3f3681bdf46581f758cb95
ChiNext,0.7,70%,LambdaRank,55,0.663651282511664,,,a52e50841332670b58272f65f9c33b06aad47f85df3f3681bdf46581f758cb95
ChiNext,0.7,70%,LambdaRank,58,-0.5463896897851346,,,a52e50841332670b58272f65f9c33b06aad47f85df3f3681bdf46581f758cb95
ChiNext,0.7,70%,LambdaRank,61,-0.0333428826333968,,,a52e50841332670b58272f65f9c33b06aad47f85df3f3681bdf46581f758cb95
ChiNext,0.7,70%,LambdaRank,62,-0.28954907989955736,,,a52e50841332670b58272f65f9c33b06aad47f85df3f3681bdf46581f758cb95
ChiNext,0.7,70%,LambdaRank,72,0.3432161438604566,,,a52e50841332670b58272f65f9c33b06aad47f85df3f3681bdf46581f758cb95
ChiNext,0.7,70%,LambdaRank,83,-0.5418847578995436,,,a52e50841332670b58272f65f9c33b06aad47f85df3f3681bdf46581f758cb95
ChiNext,0.7,70%,LambdaRank,91,2.332633655173878,,,a52e50841332670b58272f65f9c33b06aad47f85df3f3681bdf46581f758cb95
ChiNext,0.7,70%,LambdaRank,105,-0.5256060203094014,,,a52e50841332670b58272f65f9c33b06aad47f85df3f3681bdf46581f758cb95
ChiNext,0.7,70%,LambdaRank,107,-0.17580895347550285,,,a52e50841332670b58272f65f9c33b06aad47f85df3f3681bdf46581f758cb95
ChiNext,0.7,70%,LambdaRank,108,0.25970073087669543,,,a52e50841332670b58272f65f9c33b06aad47f85df3f3681bdf46581f758cb95
ChiNext,0.7,70%,LambdaRank,109,-0.28209897731280165,,,a52e50841332670b58272f65f9c33b06aad47f85df3f3681bdf46581f758cb95
ChiNext,0.7,70%,LambdaMART,3,-0.3247669173836395,,,a52e50841332670b58272f65f9c33b06aad47f85df3f3681bdf46581f758cb95
ChiNext,0.7,70%,LTR-DQN,3,-0.6078390056755907,1343595262.0,,a52e50841332670b58272f65f9c33b06aad47f85df3f3681bdf46581f758cb95
ChiNext,0.7,70%,LambdaMART,8,-0.3666284444908261,,,a52e50841332670b58272f65f9c33b06aad47f85df3f3681bdf46581f758cb95
ChiNext,0.7,70%,LTR-DQN,8,-0.2125871940359696,450502690.0,,a52e50841332670b58272f65f9c33b06aad47f85df3f3681bdf46581f758cb95
ChiNext,0.7,70%,LambdaMART,16,0.7114464484386842,,,a52e50841332670b58272f65f9c33b06aad47f85df3f3681bdf46581f758cb95
ChiNext,0.7,70%,LTR-DQN,16,1.2152382494872809,840837013.0,,a52e50841332670b58272f65f9c33b06aad47f85df3f3681bdf46581f758cb95
ChiNext,0.7,70%,LambdaMART,18,0.16670947177863749,,,a52e50841332670b58272f65f9c33b06aad47f85df3f3681bdf46581f758cb95
ChiNext,0.7,70%,LTR-DQN,18,0.42741082111307294,1093588959.0,,a52e50841332670b58272f65f9c33b06aad47f85df3f3681bdf46581f758cb95
ChiNext,0.7,70%,LambdaMART,23,0.7900770263197565,,,a52e50841332670b58272f65f9c33b06aad47f85df3f3681bdf46581f758cb95
ChiNext,0.7,70%,LTR-DQN,23,1.3326400952129807,2008424875.0,,a52e50841332670b58272f65f9c33b06aad47f85df3f3681bdf46581f758cb95
ChiNext,0.7,70%,LambdaMART,37,5.672022430424657,,,a52e50841332670b58272f65f9c33b06aad47f85df3f3681bdf46581f758cb95
ChiNext,0.7,70%,LTR-DQN,37,2.7837763302507628,1124365122.0,,a52e50841332670b58272f65f9c33b06aad47f85df3f3681bdf46581f758cb95
ChiNext,0.7,70%,LambdaMART,39,2.101156784297754,,,a52e50841332670b58272f65f9c33b06aad47f85df3f3681bdf46581f758cb95
ChiNext,0.7,70%,LTR-DQN,39,5.212019663412806,1270563896.0,,a52e50841332670b58272f65f9c33b06aad47f85df3f3681bdf46581f758cb95
ChiNext,0.7,70%,LambdaMART,69,-0.2613848374767588,,,a52e50841332670b58272f65f9c33b06aad47f85df3f3681bdf46581f758cb95
ChiNext,0.7,70%,LTR-DQN,69,-0.03902169597494054,565326908.0,,a52e50841332670b58272f65f9c33b06aad47f85df3f3681bdf46581f758cb95
ChiNext,0.7,70%,LambdaMART,70,-0.2614791043548056,,,a52e50841332670b58272f65f9c33b06aad47f85df3f3681bdf46581f758cb95
ChiNext,0.7,70%,LTR-DQN,70,0.7729233579596739,2021469740.0,,a52e50841332670b58272f65f9c33b06aad47f85df3f3681bdf46581f758cb95
ChiNext,0.7,70%,LambdaMART,72,0.3873050706159309,,,a52e50841332670b58272f65f9c33b06aad47f85df3f3681bdf46581f758cb95
ChiNext,0.7,70%,LTR-DQN,72,0.7962961106679163,96178945.0,,a52e50841332670b58272f65f9c33b06aad47f85df3f3681bdf46581f758cb95
ChiNext,0.7,70%,LambdaMART,75,-0.470423798351557,,,a52e50841332670b58272f65f9c33b06aad47f85df3f3681bdf46581f758cb95
ChiNext,0.7,70%,LTR-DQN,75,-0.33293667115109726,1864354817.0,,a52e50841332670b58272f65f9c33b06aad47f85df3f3681bdf46581f758cb95
ChiNext,0.7,70%,LambdaMART,77,0.35265612097680465,,,a52e50841332670b58272f65f9c33b06aad47f85df3f3681bdf46581f758cb95
ChiNext,0.7,70%,LTR-DQN,77,0.27981034336851107,1742357770.0,,a52e50841332670b58272f65f9c33b06aad47f85df3f3681bdf46581f758cb95
ChiNext,0.7,70%,LambdaMART,79,0.5725378321757932,,,a52e50841332670b58272f65f9c33b06aad47f85df3f3681bdf46581f758cb95
ChiNext,0.7,70%,LTR-DQN,79,1.7830979526666408,1349445697.0,,a52e50841332670b58272f65f9c33b06aad47f85df3f3681bdf46581f758cb95
ChiNext,0.7,70%,LambdaMART,90,-0.4518657831180658,,,a52e50841332670b58272f65f9c33b06aad47f85df3f3681bdf46581f758cb95
ChiNext,0.7,70%,LTR-DQN,90,-0.12218550365911973,1130102130.0,,a52e50841332670b58272f65f9c33b06aad47f85df3f3681bdf46581f758cb95
ChiNext,0.7,70%,LambdaMART,93,-0.20821481218471594,,,a52e50841332670b58272f65f9c33b06aad47f85df3f3681bdf46581f758cb95
ChiNext,0.7,70%,LTR-DQN,93,-0.3564889691395825,1402299898.0,,a52e50841332670b58272f65f9c33b06aad47f85df3f3681bdf46581f758cb95
ChiNext,0.7,70%,LambdaMART,94,-0.38432826595028424,,,a52e50841332670b58272f65f9c33b06aad47f85df3f3681bdf46581f758cb95
ChiNext,0.7,70%,LTR-DQN,94,-0.017896546873632402,245925417.0,,a52e50841332670b58272f65f9c33b06aad47f85df3f3681bdf46581f758cb95
ChiNext,0.7,70%,LambdaMART,100,-0.749932882075194,,,a52e50841332670b58272f65f9c33b06aad47f85df3f3681bdf46581f758cb95
ChiNext,0.7,70%,LTR-DQN,100,-0.7237346011118237,1261640456.0,,a52e50841332670b58272f65f9c33b06aad47f85df3f3681bdf46581f758cb95
ChiNext,0.7,70%,LambdaMART,102,-0.46097581627099804,,,a52e50841332670b58272f65f9c33b06aad47f85df3f3681bdf46581f758cb95
ChiNext,0.7,70%,LTR-DQN,102,0.15899524326463865,2100513438.0,,a52e50841332670b58272f65f9c33b06aad47f85df3f3681bdf46581f758cb95
ChiNext,0.7,70%,LambdaMART,106,-0.43303811154169036,,,a52e50841332670b58272f65f9c33b06aad47f85df3f3681bdf46581f758cb95
ChiNext,0.7,70%,LTR-DQN,106,-0.29193458778756187,716036393.0,,a52e50841332670b58272f65f9c33b06aad47f85df3f3681bdf46581f758cb95
ChiNext,0.7,70%,LambdaMART,108,-0.3609308971992752,,,a52e50841332670b58272f65f9c33b06aad47f85df3f3681bdf46581f758cb95
ChiNext,0.7,70%,LTR-DQN,108,-0.5862117879961384,287022841.0,,a52e50841332670b58272f65f9c33b06aad47f85df3f3681bdf46581f758cb95
ChiNext,0.8,80%,LambdaRank,3,-0.38481325342924977,,,a52e50841332670b58272f65f9c33b06aad47f85df3f3681bdf46581f758cb95
ChiNext,0.8,80%,LambdaRank,15,-0.42609423106212085,,,a52e50841332670b58272f65f9c33b06aad47f85df3f3681bdf46581f758cb95
ChiNext,0.8,80%,LambdaRank,20,0.4823113947746962,,,a52e50841332670b58272f65f9c33b06aad47f85df3f3681bdf46581f758cb95
ChiNext,0.8,80%,LambdaRank,22,-0.11536163488993867,,,a52e50841332670b58272f65f9c33b06aad47f85df3f3681bdf46581f758cb95
ChiNext,0.8,80%,LambdaRank,23,0.5613252802438271,,,a52e50841332670b58272f65f9c33b06aad47f85df3f3681bdf46581f758cb95
ChiNext,0.8,80%,LambdaRank,29,-0.03344433268911484,,,a52e50841332670b58272f65f9c33b06aad47f85df3f3681bdf46581f758cb95
ChiNext,0.8,80%,LambdaRank,30,1.2533140348504204,,,a52e50841332670b58272f65f9c33b06aad47f85df3f3681bdf46581f758cb95
ChiNext,0.8,80%,LambdaRank,33,0.06460392439853413,,,a52e50841332670b58272f65f9c33b06aad47f85df3f3681bdf46581f758cb95
ChiNext,0.8,80%,LambdaRank,39,0.5120788452713281,,,a52e50841332670b58272f65f9c33b06aad47f85df3f3681bdf46581f758cb95
ChiNext,0.8,80%,LambdaRank,45,-0.22273876855952024,,,a52e50841332670b58272f65f9c33b06aad47f85df3f3681bdf46581f758cb95
ChiNext,0.8,80%,LambdaRank,65,0.18987994294376365,,,a52e50841332670b58272f65f9c33b06aad47f85df3f3681bdf46581f758cb95
ChiNext,0.8,80%,LambdaRank,71,1.5234182568100891,,,a52e50841332670b58272f65f9c33b06aad47f85df3f3681bdf46581f758cb95
ChiNext,0.8,80%,LambdaRank,75,-0.49363134984603996,,,a52e50841332670b58272f65f9c33b06aad47f85df3f3681bdf46581f758cb95
ChiNext,0.8,80%,LambdaRank,77,0.5132236068157991,,,a52e50841332670b58272f65f9c33b06aad47f85df3f3681bdf46581f758cb95
ChiNext,0.8,80%,LambdaRank,81,-0.20843441084576553,,,a52e50841332670b58272f65f9c33b06aad47f85df3f3681bdf46581f758cb95
ChiNext,0.8,80%,LambdaRank,85,-0.39048332708269007,,,a52e50841332670b58272f65f9c33b06aad47f85df3f3681bdf46581f758cb95
ChiNext,0.8,80%,LambdaRank,95,0.2846120086516779,,,a52e50841332670b58272f65f9c33b06aad47f85df3f3681bdf46581f758cb95
ChiNext,0.8,80%,LambdaRank,101,0.44315052524619225,,,a52e50841332670b58272f65f9c33b06aad47f85df3f3681bdf46581f758cb95
ChiNext,0.8,80%,LambdaRank,105,-0.5403761427612708,,,a52e50841332670b58272f65f9c33b06aad47f85df3f3681bdf46581f758cb95
ChiNext,0.8,80%,LambdaRank,109,0.467117448255274,,,a52e50841332670b58272f65f9c33b06aad47f85df3f3681bdf46581f758cb95
ChiNext,0.8,80%,LambdaMART,2,0.7039977547031904,,,a52e50841332670b58272f65f9c33b06aad47f85df3f3681bdf46581f758cb95
ChiNext,0.8,80%,LTR-DQN,2,0.9849554298541752,2139072398.0,,a52e50841332670b58272f65f9c33b06aad47f85df3f3681bdf46581f758cb95
ChiNext,0.8,80%,LambdaMART,14,1.370058971787817,,,a52e50841332670b58272f65f9c33b06aad47f85df3f3681bdf46581f758cb95
ChiNext,0.8,80%,LTR-DQN,14,1.020215532027061,766766795.0,,a52e50841332670b58272f65f9c33b06aad47f85df3f3681bdf46581f758cb95
ChiNext,0.8,80%,LambdaMART,18,0.2084315797380143,,,a52e50841332670b58272f65f9c33b06aad47f85df3f3681bdf46581f758cb95
ChiNext,0.8,80%,LTR-DQN,18,0.07046339803303847,1470414819.0,,a52e50841332670b58272f65f9c33b06aad47f85df3f3681bdf46581f758cb95
ChiNext,0.8,80%,LambdaMART,21,-0.42380076554326895,,,a52e50841332670b58272f65f9c33b06aad47f85df3f3681bdf46581f758cb95
ChiNext,0.8,80%,LTR-DQN,21,-0.1970976499337429,485206351.0,,a52e50841332670b58272f65f9c33b06aad47f85df3f3681bdf46581f758cb95
ChiNext,0.8,80%,LambdaMART,22,-0.5412811498675842,,,a52e50841332670b58272f65f9c33b06aad47f85df3f3681bdf46581f758cb95
ChiNext,0.8,80%,LTR-DQN,22,-0.24354777143044992,461584368.0,,a52e50841332670b58272f65f9c33b06aad47f85df3f3681bdf46581f758cb95
ChiNext,0.8,80%,LambdaMART,33,-0.5684435942762636,,,a52e50841332670b58272f65f9c33b06aad47f85df3f3681bdf46581f758cb95
ChiNext,0.8,80%,LTR-DQN,33,-0.1696437860787141,633485918.0,,a52e50841332670b58272f65f9c33b06aad47f85df3f3681bdf46581f758cb95
ChiNext,0.8,80%,LambdaMART,46,2.2898357962038256,,,a52e50841332670b58272f65f9c33b06aad47f85df3f3681bdf46581f758cb95
ChiNext,0.8,80%,LTR-DQN,46,9.27220723299553,2011802943.0,,a52e50841332670b58272f65f9c33b06aad47f85df3f3681bdf46581f758cb95
ChiNext,0.8,80%,LambdaMART,55,1.416733435393271,,,a52e50841332670b58272f65f9c33b06aad47f85df3f3681bdf46581f758cb95
ChiNext,0.8,80%,LTR-DQN,55,0.4580826298380718,1447564488.0,,a52e50841332670b58272f65f9c33b06aad47f85df3f3681bdf46581f758cb95
ChiNext,0.8,80%,LambdaMART,56,-0.6354098542224356,,,a52e50841332670b58272f65f9c33b06aad47f85df3f3681bdf46581f758cb95
ChiNext,0.8,80%,LTR-DQN,56,-0.4858722308905038,117542725.0,,a52e50841332670b58272f65f9c33b06aad47f85df3f3681bdf46581f758cb95
ChiNext,0.8,80%,LambdaMART,65,0.3245533825324691,,,a52e50841332670b58272f65f9c33b06aad47f85df3f3681bdf46581f758cb95
ChiNext,0.8,80%,LTR-DQN,65,0.23299235284981012,1305035113.0,,a52e50841332670b58272f65f9c33b06aad47f85df3f3681bdf46581f758cb95
ChiNext,0.8,80%,LambdaMART,74,0.7731049248270951,,,a52e50841332670b58272f65f9c33b06aad47f85df3f3681bdf46581f758cb95
ChiNext,0.8,80%,LTR-DQN,74,1.0512842206030832,471932459.0,,a52e50841332670b58272f65f9c33b06aad47f85df3f3681bdf46581f758cb95
ChiNext,0.8,80%,LambdaMART,76,-0.742872512438506,,,a52e50841332670b58272f65f9c33b06aad47f85df3f3681bdf46581f758cb95
ChiNext,0.8,80%,LTR-DQN,76,-0.6924268923229702,1707810288.0,,a52e50841332670b58272f65f9c33b06aad47f85df3f3681bdf46581f758cb95
ChiNext,0.8,80%,LambdaMART,77,0.3045216653876923,,,a52e50841332670b58272f65f9c33b06aad47f85df3f3681bdf46581f758cb95
ChiNext,0.8,80%,LTR-DQN,77,0.23518787931140217,163678163.0,,a52e50841332670b58272f65f9c33b06aad47f85df3f3681bdf46581f758cb95
ChiNext,0.8,80%,LambdaMART,83,0.10730557911019956,,,a52e50841332670b58272f65f9c33b06aad47f85df3f3681bdf46581f758cb95
ChiNext,0.8,80%,LTR-DQN,83,0.09082971149954577,1008432661.0,,a52e50841332670b58272f65f9c33b06aad47f85df3f3681bdf46581f758cb95
ChiNext,0.8,80%,LambdaMART,87,2.6119229956856302,,,a52e50841332670b58272f65f9c33b06aad47f85df3f3681bdf46581f758cb95
ChiNext,0.8,80%,LTR-DQN,87,1.4195099382227503,427505193.0,,a52e50841332670b58272f65f9c33b06aad47f85df3f3681bdf46581f758cb95
ChiNext,0.8,80%,LambdaMART,92,-0.2650013979179565,,,a52e50841332670b58272f65f9c33b06aad47f85df3f3681bdf46581f758cb95
ChiNext,0.8,80%,LTR-DQN,92,-0.0999064158449936,821113132.0,,a52e50841332670b58272f65f9c33b06aad47f85df3f3681bdf46581f758cb95
ChiNext,0.8,80%,LambdaMART,94,-0.4077542831325397,,,a52e50841332670b58272f65f9c33b06aad47f85df3f3681bdf46581f758cb95
ChiNext,0.8,80%,LTR-DQN,94,-0.052808068837912114,872516818.0,,a52e50841332670b58272f65f9c33b06aad47f85df3f3681bdf46581f758cb95
ChiNext,0.8,80%,LambdaMART,98,-0.20543036510032697,,,a52e50841332670b58272f65f9c33b06aad47f85df3f3681bdf46581f758cb95
ChiNext,0.8,80%,LTR-DQN,98,-0.2976295924899237,240450821.0,,a52e50841332670b58272f65f9c33b06aad47f85df3f3681bdf46581f758cb95
ChiNext,0.8,80%,LambdaMART,102,-0.44143330610852805,,,a52e50841332670b58272f65f9c33b06aad47f85df3f3681bdf46581f758cb95
ChiNext,0.8,80%,LTR-DQN,102,0.2047203618852509,908436826.0,,a52e50841332670b58272f65f9c33b06aad47f85df3f3681bdf46581f758cb95
ChiNext,0.8,80%,LambdaMART,103,0.11428798701788301,,,a52e50841332670b58272f65f9c33b06aad47f85df3f3681bdf46581f758cb95
ChiNext,0.8,80%,LTR-DQN,103,-0.20315785623828453,342214061.0,,a52e50841332670b58272f65f9c33b06aad47f85df3f3681bdf46581f758cb95
ChiNext,0.9,90%,LambdaRank,5,-0.12032649468055412,,,a52e50841332670b58272f65f9c33b06aad47f85df3f3681bdf46581f758cb95
ChiNext,0.9,90%,LambdaRank,10,-0.10834775393915119,,,a52e50841332670b58272f65f9c33b06aad47f85df3f3681bdf46581f758cb95
ChiNext,0.9,90%,LambdaRank,18,-0.01865001550307477,,,a52e50841332670b58272f65f9c33b06aad47f85df3f3681bdf46581f758cb95
ChiNext,0.9,90%,LambdaRank,24,-0.43124956570633677,,,a52e50841332670b58272f65f9c33b06aad47f85df3f3681bdf46581f758cb95
ChiNext,0.9,90%,LambdaRank,25,0.5094620874813982,,,a52e50841332670b58272f65f9c33b06aad47f85df3f3681bdf46581f758cb95
ChiNext,0.9,90%,LambdaRank,38,-0.4017499135750856,,,a52e50841332670b58272f65f9c33b06aad47f85df3f3681bdf46581f758cb95
ChiNext,0.9,90%,LambdaRank,40,0.19431697192633868,,,a52e50841332670b58272f65f9c33b06aad47f85df3f3681bdf46581f758cb95
ChiNext,0.9,90%,LambdaRank,49,0.08046547438245533,,,a52e50841332670b58272f65f9c33b06aad47f85df3f3681bdf46581f758cb95
ChiNext,0.9,90%,LambdaRank,50,-0.4414706883546503,,,a52e50841332670b58272f65f9c33b06aad47f85df3f3681bdf46581f758cb95
ChiNext,0.9,90%,LambdaRank,51,-0.023870283482582022,,,a52e50841332670b58272f65f9c33b06aad47f85df3f3681bdf46581f758cb95
ChiNext,0.9,90%,LambdaRank,53,0.40157762781136475,,,a52e50841332670b58272f65f9c33b06aad47f85df3f3681bdf46581f758cb95
ChiNext,0.9,90%,LambdaRank,62,-0.013980998366675768,,,a52e50841332670b58272f65f9c33b06aad47f85df3f3681bdf46581f758cb95
ChiNext,0.9,90%,LambdaRank,70,0.20285334644566722,,,a52e50841332670b58272f65f9c33b06aad47f85df3f3681bdf46581f758cb95
ChiNext,0.9,90%,LambdaRank,74,0.9780663639220106,,,a52e50841332670b58272f65f9c33b06aad47f85df3f3681bdf46581f758cb95
ChiNext,0.9,90%,LambdaRank,93,-0.06817037291437955,,,a52e50841332670b58272f65f9c33b06aad47f85df3f3681bdf46581f758cb95
ChiNext,0.9,90%,LambdaRank,106,0.6134924265826065,,,a52e50841332670b58272f65f9c33b06aad47f85df3f3681bdf46581f758cb95
ChiNext,0.9,90%,LambdaRank,117,0.10066677176860761,,,a52e50841332670b58272f65f9c33b06aad47f85df3f3681bdf46581f758cb95
ChiNext,0.9,90%,LambdaRank,119,-0.0007889659170696728,,,a52e50841332670b58272f65f9c33b06aad47f85df3f3681bdf46581f758cb95
ChiNext,0.9,90%,LambdaRank,127,0.17964558836791422,,,a52e50841332670b58272f65f9c33b06aad47f85df3f3681bdf46581f758cb95
ChiNext,0.9,90%,LambdaRank,145,0.34800499043012123,,,a52e50841332670b58272f65f9c33b06aad47f85df3f3681bdf46581f758cb95
ChiNext,0.9,90%,LambdaMART,8,-0.41690273506049125,,,a52e50841332670b58272f65f9c33b06aad47f85df3f3681bdf46581f758cb95
ChiNext,0.9,90%,LTR-DQN,8,-0.2316220177334134,2050595345.0,,a52e50841332670b58272f65f9c33b06aad47f85df3f3681bdf46581f758cb95
ChiNext,0.9,90%,LambdaMART,19,-0.15359560257121319,,,a52e50841332670b58272f65f9c33b06aad47f85df3f3681bdf46581f758cb95
ChiNext,0.9,90%,LTR-DQN,19,-0.013071215677641579,969234552.0,,a52e50841332670b58272f65f9c33b06aad47f85df3f3681bdf46581f758cb95
ChiNext,0.9,90%,LambdaMART,21,-0.41267533793690814,,,a52e50841332670b58272f65f9c33b06aad47f85df3f3681bdf46581f758cb95
ChiNext,0.9,90%,LTR-DQN,21,-0.19289084883256247,649861206.0,,a52e50841332670b58272f65f9c33b06aad47f85df3f3681bdf46581f758cb95
ChiNext,0.9,90%,LambdaMART,32,-0.20223154800932808,,,a52e50841332670b58272f65f9c33b06aad47f85df3f3681bdf46581f758cb95
ChiNext,0.9,90%,LTR-DQN,32,0.5939937392597758,1817289368.0,,a52e50841332670b58272f65f9c33b06aad47f85df3f3681bdf46581f758cb95
ChiNext,0.9,90%,LambdaMART,33,-0.5242243919402658,,,a52e50841332670b58272f65f9c33b06aad47f85df3f3681bdf46581f758cb95
ChiNext,0.9,90%,LTR-DQN,33,-0.13842364524832063,1856360926.0,,a52e50841332670b58272f65f9c33b06aad47f85df3f3681bdf46581f758cb95
ChiNext,0.9,90%,LambdaMART,34,-0.3277185592383117,,,a52e50841332670b58272f65f9c33b06aad47f85df3f3681bdf46581f758cb95
ChiNext,0.9,90%,LTR-DQN,34,0.9933310985907335,1119199883.0,,a52e50841332670b58272f65f9c33b06aad47f85df3f3681bdf46581f758cb95
ChiNext,0.9,90%,LambdaMART,36,-0.8421465381167891,,,a52e50841332670b58272f65f9c33b06aad47f85df3f3681bdf46581f758cb95
ChiNext,0.9,90%,LTR-DQN,36,-0.801553241740774,839386805.0,,a52e50841332670b58272f65f9c33b06aad47f85df3f3681bdf46581f758cb95
ChiNext,0.9,90%,LambdaMART,37,5.160278165516778,,,a52e50841332670b58272f65f9c33b06aad47f85df3f3681bdf46581f758cb95
ChiNext,0.9,90%,LTR-DQN,37,2.6895698249949302,1634312020.0,,a52e50841332670b58272f65f9c33b06aad47f85df3f3681bdf46581f758cb95
ChiNext,0.9,90%,LambdaMART,51,-0.1231290939562919,,,a52e50841332670b58272f65f9c33b06aad47f85df3f3681bdf46581f758cb95
ChiNext,0.9,90%,LTR-DQN,51,0.5811443169887902,630576426.0,,a52e50841332670b58272f65f9c33b06aad47f85df3f3681bdf46581f758cb95
ChiNext,0.9,90%,LambdaMART,60,-0.495968344841789,,,a52e50841332670b58272f65f9c33b06aad47f85df3f3681bdf46581f758cb95
ChiNext,0.9,90%,LTR-DQN,60,-0.04415575671512906,966090901.0,,a52e50841332670b58272f65f9c33b06aad47f85df3f3681bdf46581f758cb95
ChiNext,0.9,90%,LambdaMART,64,-0.0113419507772341,,,a52e50841332670b58272f65f9c33b06aad47f85df3f3681bdf46581f758cb95
ChiNext,0.9,90%,LTR-DQN,64,0.07178399050292161,372144024.0,,a52e50841332670b58272f65f9c33b06aad47f85df3f3681bdf46581f758cb95
ChiNext,0.9,90%,LambdaMART,67,-0.2485614326464014,,,a52e50841332670b58272f65f9c33b06aad47f85df3f3681bdf46581f758cb95
ChiNext,0.9,90%,LTR-DQN,67,-0.005402601822945385,1589265830.0,,a52e50841332670b58272f65f9c33b06aad47f85df3f3681bdf46581f758cb95
ChiNext,0.9,90%,LambdaMART,69,-0.26225751290115007,,,a52e50841332670b58272f65f9c33b06aad47f85df3f3681bdf46581f758cb95
ChiNext,0.9,90%,LTR-DQN,69,-0.021696352168885324,1225031073.0,,a52e50841332670b58272f65f9c33b06aad47f85df3f3681bdf46581f758cb95
ChiNext,0.9,90%,LambdaMART,72,0.587346740231909,,,a52e50841332670b58272f65f9c33b06aad47f85df3f3681bdf46581f758cb95
ChiNext,0.9,90%,LTR-DQN,72,0.9388989482827352,413671463.0,,a52e50841332670b58272f65f9c33b06aad47f85df3f3681bdf46581f758cb95
ChiNext,0.9,90%,LambdaMART,77,0.2524619578055769,,,a52e50841332670b58272f65f9c33b06aad47f85df3f3681bdf46581f758cb95
ChiNext,0.9,90%,LTR-DQN,77,0.2478815987473264,87832608.0,,a52e50841332670b58272f65f9c33b06aad47f85df3f3681bdf46581f758cb95
ChiNext,0.9,90%,LambdaMART,79,0.7379993235272564,,,a52e50841332670b58272f65f9c33b06aad47f85df3f3681bdf46581f758cb95
ChiNext,0.9,90%,LTR-DQN,79,1.204376448616825,1271333263.0,,a52e50841332670b58272f65f9c33b06aad47f85df3f3681bdf46581f758cb95
ChiNext,0.9,90%,LambdaMART,80,0.9328514307070637,,,a52e50841332670b58272f65f9c33b06aad47f85df3f3681bdf46581f758cb95
ChiNext,0.9,90%,LTR-DQN,80,1.8719918721163324,1718781317.0,,a52e50841332670b58272f65f9c33b06aad47f85df3f3681bdf46581f758cb95
ChiNext,0.9,90%,LambdaMART,96,4.252842432691915,,,a52e50841332670b58272f65f9c33b06aad47f85df3f3681bdf46581f758cb95
ChiNext,0.9,90%,LTR-DQN,96,3.7422568445463638,958132131.0,,a52e50841332670b58272f65f9c33b06aad47f85df3f3681bdf46581f758cb95
ChiNext,0.9,90%,LambdaMART,101,-0.3163688147803505,,,a52e50841332670b58272f65f9c33b06aad47f85df3f3681bdf46581f758cb95
ChiNext,0.9,90%,LTR-DQN,101,-0.1226704095523089,86744630.0,,a52e50841332670b58272f65f9c33b06aad47f85df3f3681bdf46581f758cb95
ChiNext,0.9,90%,LambdaMART,104,-0.8112139982533371,,,a52e50841332670b58272f65f9c33b06aad47f85df3f3681bdf46581f758cb95
ChiNext,0.9,90%,LTR-DQN,104,-0.6618276112760244,303402147.0,,a52e50841332670b58272f65f9c33b06aad47f85df3f3681bdf46581f758cb95
