market,broker_group,broker_column,broker_grouping_mode,n_reports,ARR,MDR,CR,SR,WR,source_signature
Main,0,broker_size,proxy,1074,-0.017343484997882297,0.3360348366740901,-0.051612163695704,0.057132758414736196,0.4767225325884544,a458acb654cefa4045dd122415cc23bb74d7eb0ad8c4d7bfe84d0b8ae337851e
Main,2,broker_size,proxy,181,0.3519860110611901,0.17528309178159215,2.008100196565308,1.089485037818439,0.4530386740331492,a458acb654cefa4045dd122415cc23bb74d7eb0ad8c4d7bfe84d0b8ae337851e
Main,5,broker_size,proxy,219,1.0621180843445712,0.20223911977207587,5.251793448970613,2.814467785885194,0.5205479452054794,a458acb654cefa4045dd122415cc23bb74d7eb0ad8c4d7bfe84d0b8ae337851e
Main,11,broker_size,proxy,405,-0.3154759625308784,0.32471674683043694,-0.9715420150338474,-0.7205513268900221,0.47160493827160493,a458acb654cefa4045dd122415cc23bb74d7eb0ad8c4d7bfe84d0b8ae337851e
Main,12,broker_size,proxy,107,-0.19743774200322084,0.18676391167719608,-1.0571514605266648,-0.4370134404020264,0.514018691588785,a458acb654cefa4045dd122415cc23bb74d7eb0ad8c4d7bfe84d0b8ae337851e
Main,13,broker_size,proxy,153,1.268708783333444,0.14794039013996477,8.575810717635209,3.4861539828095616,0.5424836601307189,a458acb654cefa4045dd122415cc23bb74d7eb0ad8c4d7bfe84d0b8ae337851e
Main,14,broker_size,proxy,419,-0.31977242026737385,0.4419524359767697,-0.7235448755037115,-0.7786735273504357,0.4295942720763723,a458acb654cefa4045dd122415cc23bb74d7eb0ad8c4d7bfe84d0b8ae337851e
Main,16,broker_size,proxy,314,-0.5121478507525085,0.4859435914012146,-1.0539244879755159,-1.1063133297856083,0.5127388535031847,a458acb654cefa4045dd122415cc23bb74d7eb0ad8c4d7bfe84d0b8ae337851e
Main,17,broker_size,proxy,175,0.7846660595936763,0.10193334095920284,7.697835195137243,2.6112219904017278,0.52,a458acb654cefa4045dd122415cc23bb74d7eb0ad8c4d7bfe84d0b8ae337851e
Main,21,broker_size,proxy,672,1.338821034310012,0.238633806805682,5.610357778854886,3.48878150561177,0.5133928571428571,a458acb654cefa4045dd122415cc23bb74d7eb0ad8c4d7bfe84d0b8ae337851e
Main,22,broker_size,proxy,448,-0.3328460184925387,0.3636248140774219,-0.9153556237272358,-0.9015852262971004,0.43973214285714285,a458acb654cefa4045dd122415cc23bb74d7eb0ad8c4d7bfe84d0b8ae337851e
Main,23,broker_size,proxy,862,-0.32687087935223047,0.47692516542278507,-0.685371423129802,-0.7705008766252834,0.4767981438515081,a458acb654cefa4045dd122415cc23bb74d7eb0ad8c4d7bfe84d0b8ae337851e
Main,25,broker_size,proxy,112,-0.3820403379179126,0.20940948042568402,-1.8243698286310033,-1.1112785538126921,0.4732142857142857,a458acb654cefa4045dd122415cc23bb74d7eb0ad8c4d7bfe84d0b8ae337851e
Main,27,broker_size,proxy,1493,0.7190439019798178,0.3016368441098567,2.3838066072523314,2.1904461956434584,0.5056932350971199,a458acb654cefa4045dd122415cc23bb74d7eb0ad8c4d7bfe84d0b8ae337851e
Main,28,broker_size,proxy,356,0.8402781501441385,0.14843354221004887,5.660972160558277,2.6450219435723583,0.5393258426966292,a458acb654cefa4045dd122415cc23bb74d7eb0ad8c4d7bfe84d0b8ae337851e
Main,29,broker_size,proxy,426,-0.24958611187570123,0.39673357130887976,-0.6291025764527101,-0.6521310384824928,0.4812206572769953,a458acb654cefa4045dd122415cc23bb74d7eb0ad8c4d7bfe84d0b8ae337851e
Main,30,broker_size,proxy,121,1.07444580807744,0.22914407454402327,4.688953053730468,2.743827245790428,0.48760330578512395,a458acb654cefa4045dd122415cc23bb74d7eb0ad8c4d7bfe84d0b8ae337851e
Main,32,broker_size,proxy,465,-0.14340280169426434,0.4280199045416335,-0.3350376937442533,-0.28888131119209637,0.45806451612903226,a458acb654cefa4045dd122415cc23bb74d7eb0ad8c4d7bfe84d0b8ae337851e
Main,33,broker_size,proxy,607,0.5400233157726491,0.3773383327432995,1.4311382356693216,1.5231801121963398,0.48105436573311366,a458acb654cefa4045dd122415cc23bb74d7eb0ad8c4d7bfe84d0b8ae337851e
Main,35,broker_size,proxy,598,0.4411937398681325,0.14098346863743988,3.1294005186007183,1.474990347841553,0.46321070234113715,a458acb654cefa4045dd122415cc23bb74d7eb0ad8c4d7bfe84d0b8ae337851e
Main,36,broker_size,proxy,409,0.8094596399537446,0.30127614892137805,2.686769738831811,2.4766709345012856,0.48655256723716384,a458acb654cefa4045dd122415cc23bb74d7eb0ad8c4d7bfe84d0b8ae337851e
Main,37,broker_size,proxy,166,0.8130145676289007,0.1329891225629832,6.1133914711247135,2.3959740232311724,0.5481927710843374,a458acb654cefa4045dd122415cc23bb74d7eb0ad8c4d7bfe84d0b8ae337851e
Main,38,broker_size,proxy,668,1.735776327155409,0.1857475008386935,9.344816588745323,4.65487325455369,0.5254491017964071,a458acb654cefa4045dd122415cc23bb74d7eb0ad8c4d7bfe84d0b8ae337851e
Main,39,broker_size,proxy,605,0.7709418875153287,0.34526913363239325,2.232872308638361,2.2603732842261524,0.5057851239669422,a458acb654cefa4045dd122415cc23bb74d7eb0ad8c4d7bfe84d0b8ae337851e
Main,40,broker_size,proxy,390,0.32524960442881956,0.25052115546367393,1.2982919699010467,0.9899689798744093,0.517948717948718,a458acb654cefa4045dd122415cc23bb74d7eb0ad8c4d7bfe84d0b8ae337851e
Main,41,broker_size,proxy,851,-0.5076459525774253,0.6405240410369899,-0.7925478515303831,-1.114186868616141,0.45240893066980026,a458acb654cefa4045dd122415cc23bb74d7eb0ad8c4d7bfe84d0b8ae337851e
Main,42,broker_size,proxy,416,-0.3531511322739317,0.48259234908366416,-0.7317793847011611,-0.7867591226508659,0.4567307692307692,a458acb654cefa4045dd122415cc23bb74d7eb0ad8c4d7bfe84d0b8ae337851e
Main,43,broker_size,proxy,729,1.0272256980906271,0.3306588098561723,3.1066031433955827,2.7434629004900475,0.4924554183813443,a458acb654cefa4045dd122415cc23bb74d7eb0ad8c4d7bfe84d0b8ae337851e
Main,44,broker_size,proxy,233,-0.3600306702825866,0.32886494111449605,-1.0947675634334038,-1.0322648473982068,0.4892703862660944,a458acb654cefa4045dd122415cc23bb74d7eb0ad8c4d7bfe84d0b8ae337851e
Main,46,broker_size,proxy,1150,0.2121703590078079,0.6381134447005199,0.3324962994744358,0.706299197986761,0.47043478260869565,a458acb654cefa4045dd122415cc23bb74d7eb0ad8c4d7bfe84d0b8ae337851e
Main,47,broker_size,proxy,156,-0.5752629220570756,0.21169613675009077,-2.7173992444471424,-1.546831413471719,0.46794871794871795,a458acb654cefa4045dd122415cc23bb74d7eb0ad8c4d7bfe84d0b8ae337851e
Main,48,broker_size,proxy,466,1.4322967256222565,0.23945888805431476,5.98138886077755,3.8608164670404284,0.51931330472103,a458acb654cefa4045dd122415cc23bb74d7eb0ad8c4d7bfe84d0b8ae337851e
Main,49,broker_size,proxy,159,0.7439118262164914,0.16954896935567176,4.387592735264279,2.122044143133601,0.5094339622641509,a458acb654cefa4045dd122415cc23bb74d7eb0ad8c4d7bfe84d0b8ae337851e
Main,50,broker_size,proxy,160,0.12627287036346058,0.14594164035738688,0.8652285259658535,0.5077232295014426,0.41875,a458acb654cefa4045dd122415cc23bb74d7eb0ad8c4d7bfe84d0b8ae337851e
Main,51,broker_size,proxy,684,-0.3825851947016359,0.5741393486940788,-0.6663629580028845,-0.7431498636653853,0.42543859649122806,a458acb654cefa4045dd122415cc23bb74d7eb0ad8c4d7bfe84d0b8ae337851e
Main,52,broker_size,proxy,598,-0.6121977913967349,0.6943166257876943,-0.8817271093029114,-1.4171536844402515,0.45819397993311034,a458acb654cefa4045dd122415cc23bb74d7eb0ad8c4d7bfe84d0b8ae337851e
Main,53,broker_size,proxy,650,0.3096653547876127,0.21948085196430264,1.4108991833054214,1.0235860101642331,0.47384615384615386,a458acb654cefa4045dd122415cc23bb74d7eb0ad8c4d7bfe84d0b8ae337851e
Main,54,broker_size,proxy,885,0.4029126809793018,0.33844458199844635,1.1904834717701327,1.1712894627496586,0.5073446327683616,a458acb654cefa4045dd122415cc23bb74d7eb0ad8c4d7bfe84d0b8ae337851e
Main,55,broker_size,proxy,325,0.6019203884283282,0.15160888697645056,3.970218371973304,1.688781096496638,0.48,a458acb654cefa4045dd122415cc23bb74d7eb0ad8c4d7bfe84d0b8ae337851e
Main,56,broker_size,proxy,240,1.6421377236075823,0.14194910085970555,11.568496832048117,3.740115583323747,0.48333333333333334,a458acb654cefa4045dd122415cc23bb74d7eb0ad8c4d7bfe84d0b8ae337851e
Main,58,broker_size,proxy,128,1.8880568307530905,0.10553945919721804,17.88958220095616,5.3077217034821755,0.5703125,a458acb654cefa4045dd122415cc23bb74d7eb0ad8c4d7bfe84d0b8ae337851e
Main,59,broker_size,proxy,599,1.1400833995519504,0.16385018136526544,6.958084452835622,3.2308155137640915,0.48580968280467446,a458acb654cefa4045dd122415cc23bb74d7eb0ad8c4d7bfe84d0b8ae337851e
Main,60,broker_size,proxy,2082,0.0013135224527407452,0.3756302315767857,0.0034968496737521966,0.1299564289356767,0.46829971181556196,a458acb654cefa4045dd122415cc23bb74d7eb0ad8c4d7bfe84d0b8ae337851e
Main,61,broker_size,proxy,231,-0.5298231285094739,0.2775816559937172,-1.9087108858571906,-1.3793362987116313,0.42424242424242425,a458acb654cefa4045dd122415cc23bb74d7eb0ad8c4d7bfe84d0b8ae337851e
Main,62,broker_size,proxy,115,-0.3238551579614367,0.13869954989787178,-2.3349402229488128,-0.9901186970878764,0.46956521739130436,a458acb654cefa4045dd122415cc23bb74d7eb0ad8c4d7bfe84d0b8ae337851e
Main,63,broker_size,proxy,1085,1.8139212210567033,0.17430861734969724,10.40637719830926,4.973758934843842,0.5198156682027649,a458acb654cefa4045dd122415cc23bb74d7eb0ad8c4d7bfe84d0b8ae337851e
Main,68,broker_size,proxy,1074,1.3095131142041159,0.18989110478481555,6.896126681068369,3.479634358610921,0.5037243947858473,a458acb654cefa4045dd122415cc23bb74d7eb0ad8c4d7bfe84d0b8ae337851e
Main,71,broker_size,proxy,687,1.2851555101641545,0.27216920681970785,4.721899017090041,3.1542621994272357,0.4745269286754003,a458acb654cefa4045dd122415cc23bb74d7eb0ad8c4d7bfe84d0b8ae337851e
Main,72,broker_size,proxy,1386,-0.33766337993121653,0.43166805530457353,-0.782229251810098,-1.0156606022805315,0.5021645021645021,a458acb654cefa4045dd122415cc23bb74d7eb0ad8c4d7bfe84d0b8ae337851e
Main,73,broker_size,proxy,1590,0.22838581248310752,0.5236622693111505,0.4361318847423107,0.7441346233332464,0.4761006289308176,a458acb654cefa4045dd122415cc23bb74d7eb0ad8c4d7bfe84d0b8ae337851e
Main,74,broker_size,proxy,1010,-0.22120797733111197,0.33722085901708976,-0.6559735894626303,-0.6712128591390547,0.49504950495049505,a458acb654cefa4045dd122415cc23bb74d7eb0ad8c4d7bfe84d0b8ae337851e
Main,75,broker_size,proxy,1127,0.9825312656394587,0.2537385067573663,3.872219783255009,2.830213718816304,0.5075421472937001,a458acb654cefa4045dd122415cc23bb74d7eb0ad8c4d7bfe84d0b8ae337851e
Main,76,broker_size,proxy,2235,1.1897401479868717,0.2024860739957559,5.8756640617754705,3.3095880905278423,0.49798657718120803,a458acb654cefa4045dd122415cc23bb74d7eb0ad8c4d7bfe84d0b8ae337851e
Main,77,broker_size,proxy,432,-0.594038100247168,0.46109190042204207,-1.2883290721512108,-1.5921344685132504,0.42824074074074076,a458acb654cefa4045dd122415cc23bb74d7eb0ad8c4d7bfe84d0b8ae337851e
Main,79,broker_size,proxy,1386,0.3020668734523404,0.37379412524122047,0.8081102752950108,0.9853301294020216,0.47186147186147187,a458acb654cefa4045dd122415cc23bb74d7eb0ad8c4d7bfe84d0b8ae337851e
Main,80,broker_size,proxy,1451,0.05827400747876865,0.49655870476798997,0.1173557263606855,0.31262517710723264,0.487250172294969,a458acb654cefa4045dd122415cc23bb74d7eb0ad8c4d7bfe84d0b8ae337851e
Main,81,broker_size,proxy,386,0.7770273366927747,0.3179892601023969,2.4435647180114235,2.2851365222573334,0.4948186528497409,a458acb654cefa4045dd122415cc23bb74d7eb0ad8c4d7bfe84d0b8ae337851e
Main,82,broker_size,proxy,2261,1.0726716693860494,0.1946541244135309,5.51065471958469,3.0887698224857294,0.5099513489606369,a458acb654cefa4045dd122415cc23bb74d7eb0ad8c4d7bfe84d0b8ae337851e
Main,83,broker_size,proxy,1892,1.0493103145946057,0.303136203179985,3.46151434103562,2.9505107323706663,0.47463002114164904,a458acb654cefa4045dd122415cc23bb74d7eb0ad8c4d7bfe84d0b8ae337851e
Main,85,broker_size,proxy,406,0.5522288836855924,0.14221393316276826,3.883085654157032,1.6129157102534464,0.5049261083743842,a458acb654cefa4045dd122415cc23bb74d7eb0ad8c4d7bfe84d0b8ae337851e
Main,86,broker_size,proxy,807,-0.11689800125797678,0.290473647925942,-0.40243926460337853,-0.28898273009157155,0.5006195786864932,a458acb654cefa4045dd122415cc23bb74d7eb0ad8c4d7bfe84d0b8ae337851e
Main,87,broker_size,proxy,933,0.15935254391307163,0.37764964464225703,0.42195867565034884,0.5705092821062175,0.48231511254019294,a458acb654cefa4045dd122415cc23bb74d7eb0ad8c4d7bfe84d0b8ae337851e
Main,88,broker_size,proxy,108,1.3480319097347557,0.1533741120414198,8.78917499043587,3.1924809912615157,0.5370370370370371,a458acb654cefa4045dd122415cc23bb74d7eb0ad8c4d7bfe84d0b8ae337851e
Main,89,broker_size,proxy,999,0.6568962333171315,0.2179734300456844,3.013652779512873,1.751162342655093,0.4964964964964965,a458acb654cefa4045dd122415cc23bb74d7eb0ad8c4d7bfe84d0b8ae337851e
Main,92,broker_size,proxy,630,-0.28178056872835855,0.30837668493487397,-0.9137544519225497,-0.7828895607750096,0.5111111111111111,a458acb654cefa4045dd122415cc23bb74d7eb0ad8c4d7bfe84d0b8ae337851e
Main,93,broker_size,proxy,1174,0.586077722752409,0.23692010850162695,2.473735667516733,1.6755914323547196,0.4846678023850085,a458acb654cefa4045dd122415cc23bb74d7eb0ad8c4d7bfe84d0b8ae337851e
Main,94,broker_size,proxy,2023,-0.17467667186507818,0.6326207770289655,-0.2761159263301913,-0.3557975197312288,0.4379634206623826,a458acb654cefa4045dd122415cc23bb74d7eb0ad8c4d7bfe84d0b8ae337851e
Main,96,broker_size,proxy,546,-0.29161335159949564,0.4015536442986017,-0.726212688491123,-0.5614525113363301,0.4725274725274725,a458acb654cefa4045dd122415cc23bb74d7eb0ad8c4d7bfe84d0b8ae337851e
Main,97,broker_size,proxy,902,0.014607516611784721,0.2013944432583743,0.07253187513741056,0.1646278603899151,0.48337028824833705,a458acb654cefa4045dd122415cc23bb74d7eb0ad8c4d7bfe84d0b8ae337851e
Main,98,broker_size,proxy,664,0.46193578225679577,0.335174671760545,1.378194181053189,1.3093579957108834,0.4924698795180723,a458acb654cefa4045dd122415cc23bb74d7eb0ad8c4d7bfe84d0b8ae337851e
Main,100,broker_size,proxy,1396,1.4948072478828345,0.16934405617969128,8.82704289483117,4.386885179874617,0.5100286532951289,a458acb654cefa4045dd122415cc23bb74d7eb0ad8c4d7bfe84d0b8ae337851e
Main,101,broker_size,proxy,2176,1.3443451606169838,0.35157866043695274,3.8237393559273207,3.573971177871244,0.5013786764705882,a458acb654cefa4045dd122415cc23bb74d7eb0ad8c4d7bfe84d0b8ae337851e
Main,103,broker_size,proxy,373,-0.36438724694051716,0.3249643632494678,-1.1213144829077313,-0.8164914766857849,0.4289544235924933,a458acb654cefa4045dd122415cc23bb74d7eb0ad8c4d7bfe84d0b8ae337851e
Main,104,broker_size,proxy,1061,0.4264817775163736,0.1978513426712307,2.155566759155422,1.4284986798441754,0.5023562676720076,a458acb654cefa4045dd122415cc23bb74d7eb0ad8c4d7bfe84d0b8ae337851e
Main,105,broker_size,proxy,1232,-0.054112375393676526,0.3068926185587338,-0.17632348294268402,-0.08850849182175238,0.4805194805194805,a458acb654cefa4045dd122415cc23bb74d7eb0ad8c4d7bfe84d0b8ae337851e
Main,107,broker_size,proxy,1519,-0.07475456482405152,0.33253715557708974,-0.2248006382755075,-0.12652125884918494,0.46346280447662935,a458acb654cefa4045dd122415cc23bb74d7eb0ad8c4d7bfe84d0b8ae337851e
Main,108,broker_size,proxy,891,1.0444439581108522,0.21476238573374554,4.863253658420964,3.3079084971075514,0.5297418630751964,a458acb654cefa4045dd122415cc23bb74d7eb0ad8c4d7bfe84d0b8ae337851e
Main,109,broker_size,proxy,2144,0.6279349682591868,0.38042995033094384,1.6505928823767246,1.823543802337929,0.5153917910447762,a458acb654cefa4045dd122415cc23bb74d7eb0ad8c4d7bfe84d0b8ae337851e
Main,110,broker_size,proxy,1452,1.099504856310205,0.14138781520522375,7.776517762257511,4.014729130371589,0.5172176308539945,a458acb654cefa4045dd122415cc23bb74d7eb0ad8c4d7bfe84d0b8ae337851e
Main,111,broker_size,proxy,941,0.08087310268907832,0.26691714551785556,0.30298953831599507,0.3633919637806313,0.45483528161530284,a458acb654cefa4045dd122415cc23bb74d7eb0ad8c4d7bfe84d0b8ae337851e
Main,112,broker_size,proxy,612,0.6035873570800883,0.17887639524774127,3.374326479713147,1.8276590134753012,0.4673202614379085,a458acb654cefa4045dd122415cc23bb74d7eb0ad8c4d7bfe84d0b8ae337851e
Main,113,broker_size,proxy,666,0.13442540056072616,0.24505669626489113,0.5485481629745821,0.5114761903209568,0.47897897897897895,a458acb654cefa4045dd122415cc23bb74d7eb0ad8c4d7bfe84d0b8ae337851e
Main,114,broker_size,proxy,1257,0.8375152904414431,0.30197832691955706,2.773428474105514,2.3517781944212803,0.5027844073190135,a458acb654cefa4045dd122415cc23bb74d7eb0ad8c4d7bfe84d0b8ae337851e
Main,116,broker_size,proxy,2296,1.007061692460153,0.22472348229486666,4.481337162347618,2.9591379956183954,0.5130662020905923,a458acb654cefa4045dd122415cc23bb74d7eb0ad8c4d7bfe84d0b8ae337851e
Main,118,broker_size,proxy,287,0.15852889457363317,0.21668052762019357,0.7316250163997619,0.5648693773693001,0.47038327526132406,a458acb654cefa4045dd122415cc23bb74d7eb0ad8c4d7bfe84d0b8ae337851e
Main,119,broker_size,proxy,1424,3.694680099233161,0.182392766957974,20.25672487376909,10.012579517389705,0.5400280898876404,a458acb654cefa4045dd122415cc23bb74d7eb0ad8c4d7bfe84d0b8ae337851e
Main,120,broker_size,proxy,1653,1.8770200074176375,0.1753157988175161,10.706508027672982,5.361954767799181,0.5087719298245614,a458acb654cefa4045dd122415cc23bb74d7eb0ad8c4d7bfe84d0b8ae337851e
Main,121,broker_size,proxy,1783,0.6385064505944167,0.24711574990800234,2.583835513649468,1.8341976950349947,0.5047672462142456,a458acb654cefa4045dd122415cc23bb74d7eb0ad8c4d7bfe84d0b8ae337851e
Main,123,broker_size,proxy,1756,0.058361294958978016,0.23558942155957646,0.24772459889171833,0.2785292253323657,0.4886104783599089,a458acb654cefa4045dd122415cc23bb74d7eb0ad8c4d7bfe84d0b8ae337851e
Main,124,broker_size,proxy,1693,0.05034636698287054,0.3729116123773091,0.13500884743683036,0.2638774388108317,0.5239220318960425,a458acb654cefa4045dd122415cc23bb74d7eb0ad8c4d7bfe84d0b8ae337851e
Main,126,broker_size,proxy,1704,0.08466343261375542,0.4314542486394227,0.19622806561933012,0.3703949094360865,0.4782863849765258,a458acb654cefa4045dd122415cc23bb74d7eb0ad8c4d7bfe84d0b8ae337851e
Main,132,broker_size,proxy,1331,1.3885894730490307,0.269672923358704,5.149161642757904,3.7423222947787926,0.49812171299774605,a458acb654cefa4045dd122415cc23bb74d7eb0ad8c4d7bfe84d0b8ae337851e
Main,133,broker_size,proxy,907,1.9411141875860891,0.1689632615773505,11.488380192622271,5.331571799740845,0.5082690187431091,a458acb654cefa4045dd122415cc23bb74d7eb0ad8c4d7bfe84d0b8ae337851e
Main,136,broker_size,proxy,2029,2.1345587135905117,0.21245298037740248,10.047205314788577,5.908235417603146,0.5027106949236076,a458acb654cefa4045dd122415cc23bb74d7eb0ad8c4d7bfe84d0b8ae337851e
Main,137,broker_size,proxy,593,-0.06593351682399895,0.2508948497304769,-0.2627934247946016,-0.10930646215061293,0.4974704890387858,a458acb654cefa4045dd122415cc23bb74d7eb0ad8c4d7bfe84d0b8ae337851e
Main,138,broker_size,proxy,126,0.699847196712573,0.08021184655931973,8.72498548197627,2.4271703050288345,0.5476190476190477,a458acb654cefa4045dd122415cc23bb74d7eb0ad8c4d7bfe84d0b8ae337851e
Main,139,broker_size,proxy,669,0.07416734585342022,0.24718460563720107,0.3000484017288579,0.32857942132775003,0.5052316890881914,a458acb654cefa4045dd122415cc23bb74d7eb0ad8c4d7bfe84d0b8ae337851e
Main,141,broker_size,proxy,5113,0.20822616497117052,0.446605593568276,0.46624173089166066,0.7327005244399949,0.4819088597692157,a458acb654cefa4045dd122415cc23bb74d7eb0ad8c4d7bfe84d0b8ae337851e
Main,142,broker_size,proxy,1746,2.848785287790667,0.1271960212488377,22.39681131391285,9.835083110731235,0.5097365406643757,a458acb654cefa4045dd122415cc23bb74d7eb0ad8c4d7bfe84d0b8ae337851e
Main,144,broker_size,proxy,1121,-0.314025274960395,0.3452509828462693,-0.9095564982076293,-0.8103790719787127,0.4513826940231936,a458acb654cefa4045dd122415cc23bb74d7eb0ad8c4d7bfe84d0b8ae337851e
Main,145,broker_size,proxy,2051,0.604394991226596,0.4345850201137646,1.3907405070436596,1.789731531628779,0.4680643588493418,a458acb654cefa4045dd122415cc23bb74d7eb0ad8c4d7bfe84d0b8ae337851e
Main,146,broker_size,proxy,1150,-0.05741935765348016,0.3381936959165793,-0.16978246001262998,-0.03054154311800581,0.4547826086956522,a458acb654cefa4045dd122415cc23bb74d7eb0ad8c4d7bfe84d0b8ae337851e
Main,148,broker_size,proxy,1128,4.236332996150438,0.19688587864442933,21.516692945770593,10.975961287677936,0.5070921985815603,a458acb654cefa4045dd122415cc23bb74d7eb0ad8c4d7bfe84d0b8ae337851e
Main,149,broker_size,proxy,1107,3.5193873427291953,0.1304854235059176,26.971498027667348,9.781795843388803,0.5401987353206865,a458acb654cefa4045dd122415cc23bb74d7eb0ad8c4d7bfe84d0b8ae337851e
Main,152,broker_size,proxy,821,0.6988862787644112,0.309888593001485,2.255282364527248,2.1078717404694904,0.48721071863581,a458acb654cefa4045dd122415cc23bb74d7eb0ad8c4d7bfe84d0b8ae337851e
Main,157,broker_size,proxy,1914,2.7301209085759828,0.202560664618211,13.478040831480042,8.067055175154112,0.5041797283176593,a458acb654cefa4045dd122415cc23bb74d7eb0ad8c4d7bfe84d0b8ae337851e
Main,159,broker_size,proxy,1705,-0.34859698422982,0.34662559705942886,-1.0056873675432954,-0.9210615254000127,0.4310850439882698,a458acb654cefa4045dd122415cc23bb74d7eb0ad8c4d7bfe84d0b8ae337851e
Main,164,broker_size,proxy,1099,-0.08585017868330236,0.3572157238610293,-0.2403314662506329,-0.07654657293111522,0.4658780709736124,a458acb654cefa4045dd122415cc23bb74d7eb0ad8c4d7bfe84d0b8ae337851e
Main,165,broker_size,proxy,101,0.08282138881989409,0.15174193471176384,0.5458042233164788,0.3537257078899875,0.45544554455445546,a458acb654cefa4045dd122415cc23bb74d7eb0ad8c4d7bfe84d0b8ae337851e
Main,166,broker_size,proxy,1052,3.4725452530797476,0.14695524951117325,23.629950373536836,10.1908821221921,0.5370722433460076,a458acb654cefa4045dd122415cc23bb74d7eb0ad8c4d7bfe84d0b8ae337851e
Main,167,broker_size,proxy,1580,1.6291034572488359,0.18629204915509787,8.744889890027041,4.951673816165436,0.5177215189873418,a458acb654cefa4045dd122415cc23bb74d7eb0ad8c4d7bfe84d0b8ae337851e
Main,175,broker_size,proxy,138,-0.7554566089306634,0.09860535398335861,-7.661415718442226,-1.8147022652679965,0.5507246376811594,a458acb654cefa4045dd122415cc23bb74d7eb0ad8c4d7bfe84d0b8ae337851e
Main,179,broker_size,proxy,121,0.024270708988010092,0.14285517196000613,0.16989730686688012,0.2016076296696886,0.5537190082644629,a458acb654cefa4045dd122415cc23bb74d7eb0ad8c4d7bfe84d0b8ae337851e
Main,189,broker_size,proxy,169,1.6266540789668218,0.03333195154703954,48.80164537234536,7.3009915167508455,0.48520710059171596,a458acb654cefa4045dd122415cc23bb74d7eb0ad8c4d7bfe84d0b8ae337851e
ChiNext,0,broker_size,proxy,271,1.0085821908804138,0.17465777122693377,5.774619610655386,2.547405954488064,0.5166051660516605,a458acb654cefa4045dd122415cc23bb74d7eb0ad8c4d7bfe84d0b8ae337851e
ChiNext,11,broker_size,proxy,174,0.5468850758079404,0.3255774653001766,1.6797387230216383,1.4333630423375137,0.4482758620689655,a458acb654cefa4045dd122415cc23bb74d7eb0ad8c4d7bfe84d0b8ae337851e
ChiNext,14,broker_size,proxy,276,1.9616939238302682,0.1434253689288579,13.677454264059177,4.441870127478704,0.5289855072463768,a458acb654cefa4045dd122415cc23bb74d7eb0ad8c4d7bfe84d0b8ae337851e
ChiNext,16,broker_size,proxy,152,-0.2350294011208447,0.2027762219854126,-1.159057994175236,-0.4352666683978697,0.506578947368421,a458acb654cefa4045dd122415cc23bb74d7eb0ad8c4d7bfe84d0b8ae337851e
ChiNext,21,broker_size,proxy,201,0.4638458474793705,0.29832934956763435,1.5548113122346745,1.2161365741111076,0.472636815920398,a458acb654cefa4045dd122415cc23bb74d7eb0ad8c4d7bfe84d0b8ae337851e
ChiNext,22,broker_size,proxy,101,0.33859415718964536,0.2170521827660045,1.5599666074525063,1.0652825923900802,0.5643564356435643,a458acb654cefa4045dd122415cc23bb74d7eb0ad8c4d7bfe84d0b8ae337851e
ChiNext,23,broker_size,proxy,406,0.6653866463705762,0.2914196762736662,2.283259163824358,1.7562924012979009,0.4876847290640394,a458acb654cefa4045dd122415cc23bb74d7eb0ad8c4d7bfe84d0b8ae337851e
ChiNext,27,broker_size,proxy,524,0.5525260064753974,0.32961391840465154,1.6762823886492777,1.509570209177112,0.5477099236641222,a458acb654cefa4045dd122415cc23bb74d7eb0ad8c4d7bfe84d0b8ae337851e
ChiNext,29,broker_size,proxy,160,-0.24572143470324337,0.3235543057172604,-0.759444180965307,-0.303172027115902,0.5125,a458acb654cefa4045dd122415cc23bb74d7eb0ad8c4d7bfe84d0b8ae337851e
ChiNext,32,broker_size,proxy,129,0.7916059393969137,0.19688895597984107,4.020570556928364,1.9825205840262217,0.5116279069767442,a458acb654cefa4045dd122415cc23bb74d7eb0ad8c4d7bfe84d0b8ae337851e
ChiNext,33,broker_size,proxy,318,0.7377755588421253,0.5734697500037068,1.2865117276671636,1.7598777568296833,0.4528301886792453,a458acb654cefa4045dd122415cc23bb74d7eb0ad8c4d7bfe84d0b8ae337851e
ChiNext,35,broker_size,proxy,139,-0.16067303486474116,0.2622040641151689,-0.6127785829977377,-0.4097833708724622,0.4748201438848921,a458acb654cefa4045dd122415cc23bb74d7eb0ad8c4d7bfe84d0b8ae337851e
ChiNext,36,broker_size,proxy,125,1.6206344829986778,0.20769960590140663,7.802780732130904,3.8357569883367866,0.52,a458acb654cefa4045dd122415cc23bb74d7eb0ad8c4d7bfe84d0b8ae337851e
ChiNext,38,broker_size,proxy,247,0.30726748715859165,0.25989030628990367,1.182296837250403,0.9020021601821723,0.5141700404858299,a458acb654cefa4045dd122415cc23bb74d7eb0ad8c4d7bfe84d0b8ae337851e
ChiNext,39,broker_size,proxy,104,0.022282222754185232,0.20150334629808156,0.1105799142472969,0.19247294635805576,0.46153846153846156,a458acb654cefa4045dd122415cc23bb74d7eb0ad8c4d7bfe84d0b8ae337851e
ChiNext,41,broker_size,proxy,496,-0.15629682205020778,0.44034516674537644,-0.3549416091140709,-0.20947817717787626,0.4475806451612903,a458acb654cefa4045dd122415cc23bb74d7eb0ad8c4d7bfe84d0b8ae337851e
ChiNext,42,broker_size,proxy,153,0.23152323082698767,0.27946655874169885,0.8284469951232215,0.7563599251442337,0.4117647058823529,a458acb654cefa4045dd122415cc23bb74d7eb0ad8c4d7bfe84d0b8ae337851e
ChiNext,43,broker_size,proxy,385,0.8790903698970272,0.3930161090827295,2.2367794845579207,2.0400213955670354,0.4961038961038961,a458acb654cefa4045dd122415cc23bb74d7eb0ad8c4d7bfe84d0b8ae337851e
ChiNext,46,broker_size,proxy,431,-0.019463704408005933,0.31516866318034137,-0.061756471000635894,0.1732905687624698,0.4547563805104408,a458acb654cefa4045dd122415cc23bb74d7eb0ad8c4d7bfe84d0b8ae337851e
ChiNext,51,broker_size,proxy,322,-0.28669616916126206,0.49852001656480643,-0.5750945992837425,-0.42180923375550766,0.45962732919254656,a458acb654cefa4045dd122415cc23bb74d7eb0ad8c4d7bfe84d0b8ae337851e
ChiNext,52,broker_size,proxy,271,0.23555496800534703,0.3186919212339194,0.7391306534954492,0.7505390281024928,0.5092250922509225,a458acb654cefa4045dd122415cc23bb74d7eb0ad8c4d7bfe84d0b8ae337851e
ChiNext,53,broker_size,proxy,174,0.6161813073156472,0.16679770608004116,3.6941833421855366,1.5620566637819486,0.5,a458acb654cefa4045dd122415cc23bb74d7eb0ad8c4d7bfe84d0b8ae337851e
ChiNext,54,broker_size,proxy,236,-0.6588038775532741,0.4794550729765177,-1.3740680090489739,-1.1837042950129564,0.4703389830508475,a458acb654cefa4045dd122415cc23bb74d7eb0ad8c4d7bfe84d0b8ae337851e
ChiNext,56,broker_size,proxy,306,0.8579976945586574,0.2180486799347399,3.934890570378361,1.888708779396063,0.47058823529411764,a458acb654cefa4045dd122415cc23bb74d7eb0ad8c4d7bfe84d0b8ae337851e
ChiNext,59,broker_size,proxy,187,6.306006373849236,0.12292751529586499,51.2985750885128,13.652328555009484,0.5080213903743316,a458acb654cefa4045dd122415cc23bb74d7eb0ad8c4d7bfe84d0b8ae337851e
ChiNext,60,broker_size,proxy,870,-0.0861364230684073,0.6299571882043805,-0.13673377283610197,-0.030724480183693444,0.42873563218390803,a458acb654cefa4045dd122415cc23bb74d7eb0ad8c4d7bfe84d0b8ae337851e
ChiNext,63,broker_size,proxy,284,0.6268217519446915,0.1831430860215403,3.4225793916728477,1.7104402944850807,0.5105633802816901,a458acb654cefa4045dd122415cc23bb74d7eb0ad8c4d7bfe84d0b8ae337851e
ChiNext,68,broker_size,proxy,369,0.3467960366473186,0.34676318063023254,1.0000947505932618,0.9799288912781956,0.4715447154471545,a458acb654cefa4045dd122415cc23bb74d7eb0ad8c4d7bfe84d0b8ae337851e
ChiNext,71,broker_size,proxy,283,-0.4719916777263288,0.45601058765149055,-1.035045436460462,-0.8930509664676592,0.46996466431095407,a458acb654cefa4045dd122415cc23bb74d7eb0ad8c4d7bfe84d0b8ae337851e
ChiNext,72,broker_size,proxy,402,0.12050664562431179,0.41747834207547213,0.2886536461393882,0.4704863735378254,0.5,a458acb654cefa4045dd122415cc23bb74d7eb0ad8c4d7bfe84d0b8ae337851e
ChiNext,73,broker_size,proxy,568,-0.5241598807933376,0.5976820202417144,-0.8769878682001461,-0.9292346823281384,0.4859154929577465,a458acb654cefa4045dd122415cc23bb74d7eb0ad8c4d7bfe84d0b8ae337851e
ChiNext,74,broker_size,proxy,225,0.4480040769817928,0.17501491926544563,2.55980506611727,1.3590866175172018,0.5422222222222223,a458acb654cefa4045dd122415cc23bb74d7eb0ad8c4d7bfe84d0b8ae337851e
ChiNext,75,broker_size,proxy,412,0.26551254460288876,0.3126088107368527,0.8493444057992064,0.8089688336453252,0.5024271844660194,a458acb654cefa4045dd122415cc23bb74d7eb0ad8c4d7bfe84d0b8ae337851e
ChiNext,76,broker_size,proxy,846,1.3250375782056008,0.3112300710577303,4.257421442929332,3.173385945920427,0.5236406619385343,a458acb654cefa4045dd122415cc23bb74d7eb0ad8c4d7bfe84d0b8ae337851e
ChiNext,77,broker_size,proxy,138,2.8357652129755206,0.20409535664717282,13.894315184631136,5.855571577163724,0.5,a458acb654cefa4045dd122415cc23bb74d7eb0ad8c4d7bfe84d0b8ae337851e
ChiNext,79,broker_size,proxy,345,0.5160627058310325,0.29319866987650534,1.7601127114539676,1.4010356258414487,0.5014492753623189,a458acb654cefa4045dd122415cc23bb74d7eb0ad8c4d7bfe84d0b8ae337851e
ChiNext,80,broker_size,proxy,675,-0.41002203187501807,0.7001403047521843,-0.5856283791862918,-0.6948132282829556,0.4222222222222222,a458acb654cefa4045dd122415cc23bb74d7eb0ad8c4d7bfe84d0b8ae337851e
ChiNext,81,broker_size,proxy,135,-0.09299626309957776,0.3331179205707411,-0.27916919912397514,-0.013060337024523017,0.4962962962962963,a458acb654cefa4045dd122415cc23bb74d7eb0ad8c4d7bfe84d0b8ae337851e
ChiNext,82,broker_size,proxy,643,1.8815401181120608,0.2553236338218068,7.369236016064257,4.534958065756759,0.505443234836703,a458acb654cefa4045dd122415cc23bb74d7eb0ad8c4d7bfe84d0b8ae337851e
ChiNext,83,broker_size,proxy,730,0.11363248300706874,0.5976749319724074,0.19012422460494757,0.4869779348894116,0.46986301369863015,a458acb654cefa4045dd122415cc23bb74d7eb0ad8c4d7bfe84d0b8ae337851e
ChiNext,85,broker_size,proxy,129,5.61677513618955,0.18125678627729278,30.9879439636363,12.756760762925756,0.5813953488372093,a458acb654cefa4045dd122415cc23bb74d7eb0ad8c4d7bfe84d0b8ae337851e
ChiNext,86,broker_size,proxy,245,-0.24914260736770055,0.32242611903659235,-0.772712235944586,-0.5478987006878446,0.4897959183673469,a458acb654cefa4045dd122415cc23bb74d7eb0ad8c4d7bfe84d0b8ae337851e
ChiNext,87,broker_size,proxy,334,-0.08092456620334776,0.4192724246502336,-0.1930118973859462,0.09458199653097826,0.46107784431137727,a458acb654cefa4045dd122415cc23bb74d7eb0ad8c4d7bfe84d0b8ae337851e
ChiNext,89,broker_size,proxy,268,0.3833263002070697,0.2110175995431221,1.8165608036344654,1.1194403203887713,0.47388059701492535,a458acb654cefa4045dd122415cc23bb74d7eb0ad8c4d7bfe84d0b8ae337851e
ChiNext,92,broker_size,proxy,133,1.2203955219580447,0.1718825731718392,7.100170188503969,3.003369881497678,0.5037593984962406,a458acb654cefa4045dd122415cc23bb74d7eb0ad8c4d7bfe84d0b8ae337851e
ChiNext,93,broker_size,proxy,461,-0.4931128632147602,0.6627292546025241,-0.7440638236356529,-0.9279214246882447,0.4924078091106291,a458acb654cefa4045dd122415cc23bb74d7eb0ad8c4d7bfe84d0b8ae337851e
ChiNext,94,broker_size,proxy,856,0.15460925173252726,0.6606402059473373,0.23402943136169324,0.5565496610410564,0.4591121495327103,a458acb654cefa4045dd122415cc23bb74d7eb0ad8c4d7bfe84d0b8ae337851e
ChiNext,96,broker_size,proxy,187,-0.38003069429436265,0.3300980105996235,-1.1512662363642736,-0.777382726416993,0.42780748663101603,a458acb654cefa4045dd122415cc23bb74d7eb0ad8c4d7bfe84d0b8ae337851e
ChiNext,97,broker_size,proxy,264,0.7218327538323275,0.20930454650686506,3.4487198958607035,1.8730293296712976,0.5265151515151515,a458acb654cefa4045dd122415cc23bb74d7eb0ad8c4d7bfe84d0b8ae337851e
ChiNext,98,broker_size,proxy,335,1.772502180572375,0.15692957147879735,11.294889572879875,4.205154497542751,0.48955223880597015,a458acb654cefa4045dd122415cc23bb74d7eb0ad8c4d7bfe84d0b8ae337851e
ChiNext,100,broker_size,proxy,455,0.3777408586313542,0.2814245237325992,1.3422457063133268,1.059828445088888,0.5032967032967033,a458acb654cefa4045dd122415cc23bb74d7eb0ad8c4d7bfe84d0b8ae337851e
ChiNext,101,broker_size,proxy,707,0.25505885392137984,0.5297481628231869,0.4814718989530698,0.7928273936256246,0.5063649222065064,a458acb654cefa4045dd122415cc23bb74d7eb0ad8c4d7bfe84d0b8ae337851e
ChiNext,103,broker_size,proxy,308,-0.8574197888903365,0.5277638304287695,-1.624627796478106,-1.638488530741706,0.4318181818181818,a458acb654cefa4045dd122415cc23bb74d7eb0ad8c4d7bfe84d0b8ae337851e
ChiNext,104,broker_size,proxy,349,3.057837088726165,0.11847521362504361,25.809930998763704,7.7116373362088515,0.5243553008595988,a458acb654cefa4045dd122415cc23bb74d7eb0ad8c4d7bfe84d0b8ae337851e
ChiNext,105,broker_size,proxy,252,1.6965787556634835,0.21321813143766657,7.957009773155578,4.216615566457483,0.5238095238095238,a458acb654cefa4045dd122415cc23bb74d7eb0ad8c4d7bfe84d0b8ae337851e
ChiNext,107,broker_size,proxy,428,-0.4148240848763012,0.42756101758770015,-0.970210257279158,-0.7807383214675764,0.4672897196261682,a458acb654cefa4045dd122415cc23bb74d7eb0ad8c4d7bfe84d0b8ae337851e
ChiNext,108,broker_size,proxy,263,0.5847861647145602,0.15637224299940938,3.7397056760052294,1.6512228385184609,0.5209125475285171,a458acb654cefa4045dd122415cc23bb74d7eb0ad8c4d7bfe84d0b8ae337851e
ChiNext,109,broker_size,proxy,834,2.809452988237305,0.2202886745227434,12.753506254118603,6.117240967277833,0.5167865707434053,a458acb654cefa4045dd122415cc23bb74d7eb0ad8c4d7bfe84d0b8ae337851e
ChiNext,110,broker_size,proxy,479,0.37470340145041403,0.320177040585068,1.1703006585534945,1.1017428298733238,0.511482254697286,a458acb654cefa4045dd122415cc23bb74d7eb0ad8c4d7bfe84d0b8ae337851e
ChiNext,111,broker_size,proxy,473,-0.27315537654579214,0.4522185786356507,-0.6040339549292855,-0.3092861217036537,0.4059196617336152,a458acb654cefa4045dd122415cc23bb74d7eb0ad8c4d7bfe84d0b8ae337851e
ChiNext,112,broker_size,proxy,359,-0.30125079004185795,0.35413069383466234,-0.8506768695472268,-0.392198077495257,0.45125348189415043,a458acb654cefa4045dd122415cc23bb74d7eb0ad8c4d7bfe84d0b8ae337851e
ChiNext,113,broker_size,proxy,209,-0.049102729520039134,0.32579544476708805,-0.15071643974378707,0.10510289094669953,0.44019138755980863,a458acb654cefa4045dd122415cc23bb74d7eb0ad8c4d7bfe84d0b8ae337851e
ChiNext,114,broker_size,proxy,617,1.3299664573754093,0.28931860397639947,4.596892281022821,2.9638169936475762,0.5089141004862237,a458acb654cefa4045dd122415cc23bb74d7eb0ad8c4d7bfe84d0b8ae337851e
ChiNext,116,broker_size,proxy,829,2.173017850781944,0.34548236057003845,6.289808391943692,4.6334456423113,0.5090470446320868,a458acb654cefa4045dd122415cc23bb74d7eb0ad8c4d7bfe84d0b8ae337851e
ChiNext,118,broker_size,proxy,125,0.6013502979906094,0.2710264611445306,2.2187881413908386,1.4242599366158748,0.4,a458acb654cefa4045dd122415cc23bb74d7eb0ad8c4d7bfe84d0b8ae337851e
ChiNext,119,broker_size,proxy,519,5.144691161617782,0.2099313451593257,24.506541210952847,9.674297052633191,0.5221579961464354,a458acb654cefa4045dd122415cc23bb74d7eb0ad8c4d7bfe84d0b8ae337851e
ChiNext,120,broker_size,proxy,600,1.560626597746591,0.21485169162436252,7.263738935205237,3.8757238569933,0.53,a458acb654cefa4045dd122415cc23bb74d7eb0ad8c4d7bfe84d0b8ae337851e
ChiNext,121,broker_size,proxy,720,0.788749023034836,0.4149504839723838,1.9008268540477942,1.8863747524483048,0.5111111111111111,a458acb654cefa4045dd122415cc23bb74d7eb0ad8c4d7bfe84d0b8ae337851e
ChiNext,123,broker_size,proxy,480,1.367146888226467,0.16106354274630721,8.488245477003282,3.5877453065741185,0.5208333333333334,a458acb654cefa4045dd122415cc23bb74d7eb0ad8c4d7bfe84d0b8ae337851e
ChiNext,124,broker_size,proxy,440,0.7680173562029065,0.3049540065612923,2.5184694730303328,2.2524371768078817,0.5227272727272727,a458acb654cefa4045dd122415cc23bb74d7eb0ad8c4d7bfe84d0b8ae337851e
ChiNext,126,broker_size,proxy,814,0.6771475515067673,0.5459324981869855,1.2403503249129524,1.6179733660204572,0.44226044226044225,a458acb654cefa4045dd122415cc23bb74d7eb0ad8c4d7bfe84d0b8ae337851e
ChiNext,132,broker_size,proxy,675,2.788951826552034,0.2415961902361786,11.543856812583105,6.09171217375539,0.5392592592592592,a458acb654cefa4045dd122415cc23bb74d7eb0ad8c4d7bfe84d0b8ae337851e
ChiNext,133,broker_size,proxy,275,0.9874860005582156,0.2658252603948182,3.714793692260651,2.2296954859398666,0.49454545454545457,a458acb654cefa4045dd122415cc23bb74d7eb0ad8c4d7bfe84d0b8ae337851e
ChiNext,136,broker_size,proxy,717,3.3733018195746904,0.3975215662996304,8.485833488168732,7.512652013657757,0.5034867503486751,a458acb654cefa4045dd122415cc23bb74d7eb0ad8c4d7bfe84d0b8ae337851e
ChiNext,137,broker_size,proxy,124,1.077774836493882,0.17303781627331202,6.2285508434268735,2.597961696637074,0.46774193548387094,a458acb654cefa4045dd122415cc23bb74d7eb0ad8c4d7bfe84d0b8ae337851e
ChiNext,139,broker_size,proxy,215,4.1088415672948875,0.10121377772510512,40.59567441948892,11.483150966528262,0.5395348837209303,a458acb654cefa4045dd122415cc23bb74d7eb0ad8c4d7bfe84d0b8ae337851e
ChiNext,141,broker_size,proxy,1971,1.264638421417784,0.3786274811314195,3.3400597802324734,3.079555164117717,0.4794520547945205,a458acb654cefa4045dd122415cc23bb74d7eb0ad8c4d7bfe84d0b8ae337851e
ChiNext,142,broker_size,proxy,499,3.652941821218553,0.2605138645927353,14.022062998179557,8.788425788588302,0.5290581162324649,a458acb654cefa4045dd122415cc23bb74d7eb0ad8c4d7bfe84d0b8ae337851e
ChiNext,144,broker_size,proxy,448,0.7291865994883626,0.35087089437574615,2.078219114713687,1.738419907026465,0.4486607142857143,a458acb654cefa4045dd122415cc23bb74d7eb0ad8c4d7bfe84d0b8ae337851e
ChiNext,145,broker_size,proxy,675,0.5513319799844798,0.5823422649227573,0.9467490395147762,1.3822565612288893,0.4740740740740741,a458acb654cefa4045dd122415cc23bb74d7eb0ad8c4d7bfe84d0b8ae337851e
ChiNext,146,broker_size,proxy,633,-0.09647096764505303,0.34306434781024686,-0.281203710793091,-0.06285724541912117,0.44549763033175355,a458acb654cefa4045dd122415cc23bb74d7eb0ad8c4d7bfe84d0b8ae337851e
ChiNext,148,broker_size,proxy,338,7.217083626185627,0.15503176443969077,46.55228979860549,15.579495958172364,0.5710059171597633,a458acb654cefa4045dd122415cc23bb74d7eb0ad8c4d7bfe84d0b8ae337851e
ChiNext,149,broker_size,proxy,358,12.016633973619506,0.24468297493953525,49.1110342948421,22.05931858708975,0.5251396648044693,a458acb654cefa4045dd122415cc23bb74d7eb0ad8c4d7bfe84d0b8ae337851e
ChiNext,152,broker_size,proxy,242,7.4333933513060515,0.11827890438432744,62.84631557925569,16.12006946230837,0.5495867768595041,a458acb654cefa4045dd122415cc23bb74d7eb0ad8c4d7bfe84d0b8ae337851e
ChiNext,157,broker_size,proxy,606,0.24307321860594877,0.3477322023122873,0.6990241829476938,0.7729392774278869,0.5115511551155115,a458acb654cefa4045dd122415cc23bb74d7eb0ad8c4d7bfe84d0b8ae337851e
ChiNext,159,broker_size,proxy,711,-0.30822024953558425,0.4419308312427656,-0.6974400239712395,-0.6002757176908671,0.450070323488045,a458acb654cefa4045dd122415cc23bb74d7eb0ad8c4d7bfe84d0b8ae337851e
ChiNext,164,broker_size,proxy,438,-0.5391580735527348,0.40105609513111556,-1.344345791270097,-1.0609129825903902,0.3904109589041096,a458acb654cefa4045dd122415cc23bb74d7eb0ad8c4d7bfe84d0b8ae337851e
ChiNext,166,broker_size,proxy,457,2.1443853078551394,0.2102275845894701,10.20030417056196,4.631774508820836,0.474835886214442,a458acb654cefa4045dd122415cc23bb74d7eb0ad8c4d7bfe84d0b8ae337851e
ChiNext,167,broker_size,proxy,686,5.38529412572241,0.2533763881022675,21.25412776643104,11.947364794919864,0.4839650145772595,a458acb654cefa4045dd122415cc23bb74d7eb0ad8c4d7bfe84d0b8ae337851e
